BookingID,CustomerRating,DriverRating,Comments,CancellationReason
1,,,,No driver
2,5.0,4.0,How positive whatever.,
3,5.0,4.0,Present girl already show must concern out.,
4,,,,No driver
5,5.0,3.0,Major economy notice no.,
6,3.0,3.0,,
7,4.0,3.0,Begin appear rule feel benefit.,
8,,,,Payment issue
9,4.0,5.0,House politics ago program.,
10,4.0,3.0,,
11,3.0,5.0,,
12,3.0,5.0,Feel response source specific allow education still.,
13,,,,
14,,,,Payment issue
15,5.0,3.0,Turn sound company his nation marriage ten dark.,
16,,,,Change of plans
17,5.0,3.0,,
18,,,,
19,3.0,3.0,World prove become way.,
20,4.0,3.0,Arm according increase defense.,
21,4.0,3.0,,
22,5.0,4.0,Or should carry support party seat fill.,
23,,,,Late booking
24,4.0,4.0,,
25,,,,
26,4.0,4.0,Race describe become citizen act his way bad.,
27,3.0,4.0,Media police despite amount say.,
28,4.0,5.0,,
29,4.0,4.0,Off strategy stop identify happen local step.,
30,,,,Late booking
31,3.0,4.0,Decade hospital away say state money executive.,
32,4.0,5.0,,
33,5.0,4.0,Suggest should court friend cup environmental.,
34,5.0,3.0,Place site less western choice question must fire.,
35,3.0,5.0,Treatment contain even radio.,
36,5.0,4.0,Cut certainly large in.,
37,4.0,5.0,Little always clearly when artist almost.,
38,3.0,4.0,Speech method class none walk.,
39,5.0,3.0,,
40,,,,
41,3.0,5.0,,
42,3.0,3.0,First while will.,
43,3.0,4.0,,
44,4.0,3.0,There these plan party vote.,
45,5.0,3.0,,
46,5.0,4.0,Always federal suddenly newspaper night require.,
47,4.0,4.0,Smile purpose anything always agent direction involve.,
48,4.0,4.0,Brother whose enough already away ever.,
49,5.0,5.0,,
50,3.0,4.0,Approach force my special age year in miss.,
51,5.0,4.0,There garden home against enter.,
52,4.0,4.0,Get prepare rise dinner seek.,
53,,,,Payment issue
54,3.0,5.0,Firm red five skill begin enter music.,
55,5.0,4.0,,
56,,,,No driver
57,3.0,3.0,Difference Mr TV yourself red manager.,
58,4.0,4.0,Author lay market effort throughout.,
59,3.0,4.0,New yourself west meeting.,
60,4.0,5.0,Fall certain west true time power significant rule.,
61,3.0,3.0,Lose employee happy.,
62,,,,No driver
63,,,,Change of plans
64,3.0,4.0,Trial rise close car.,
65,4.0,4.0,Chance thank pattern effort particular this well out.,
66,5.0,4.0,Quickly serious message trouble.,
67,,,,Payment issue
68,5.0,4.0,Address the responsibility church oil wait.,
69,5.0,5.0,Music thank skin eye draw meet.,
70,4.0,4.0,,
71,3.0,5.0,Business set improve.,
72,3.0,4.0,,
73,4.0,5.0,Offer condition design or health magazine do.,
74,4.0,4.0,,
75,,,,Change of plans
76,5.0,4.0,Language less seek concern executive list hand reason.,
77,4.0,3.0,Second design full star husband.,
78,3.0,4.0,School fill room.,
79,4.0,4.0,Mrs college air town.,
80,,,,Payment issue
81,5.0,3.0,,
82,3.0,5.0,,
83,5.0,5.0,Man brother report fear although style.,
84,,,,Payment issue
85,4.0,4.0,Movement project box method support.,
86,5.0,5.0,Hotel minute window value anything religious.,
87,3.0,4.0,Stock compare art relationship catch car learn.,
88,4.0,5.0,Benefit husband for top tough model.,
89,5.0,3.0,,
90,3.0,5.0,,
91,3.0,3.0,His product best identify hotel nearly.,
92,4.0,5.0,Single stuff her central goal discuss.,
93,4.0,3.0,Body health lay guy.,
94,5.0,3.0,They material mission around affect.,
95,4.0,3.0,,
96,3.0,3.0,Their laugh listen.,
97,5.0,5.0,,
98,3.0,4.0,,
99,4.0,3.0,Talk glass occur charge meeting American.,
100,3.0,5.0,Word site exactly more yes total.,
101,4.0,3.0,Certain other area land unit must lot.,
102,4.0,4.0,Themselves low write lose often.,
103,4.0,5.0,Race memory key like collection your.,
104,5.0,5.0,,
105,3.0,4.0,Under discuss wait relationship happen anything sort kind.,
106,3.0,3.0,Wall very audience.,
107,4.0,3.0,Throughout like project bill chance positive.,
108,4.0,4.0,,
109,,,,
110,,,,
111,3.0,4.0,Front save institution police.,
112,5.0,3.0,Power safe involve these safe plant whether.,
113,5.0,4.0,Study yes reveal partner too.,
114,4.0,3.0,,
115,4.0,5.0,School sit million.,
116,,,,Payment issue
117,3.0,4.0,Little eight feeling visit these.,
118,4.0,5.0,Process have ago then.,
119,,,,No driver
120,,,,
121,,,,
122,5.0,3.0,,
123,4.0,3.0,Nor summer accept main certain practice believe.,
124,4.0,5.0,Time land production specific.,
125,5.0,5.0,Alone worker newspaper middle including.,
126,3.0,3.0,Easy school so institution store.,
127,5.0,5.0,,
128,4.0,5.0,Might upon son despite.,
129,,,,No driver
130,,,,Change of plans
131,5.0,3.0,Play argue summer player why final.,
132,,,,No driver
133,,,,Late booking
134,,,,Change of plans
135,3.0,5.0,Soon teach threat resource property art fish.,
136,,,,Late booking
137,,,,No driver
138,,,,Change of plans
139,5.0,3.0,,
140,,,,No driver
141,4.0,4.0,Beat college certainly sort know oil response.,
142,4.0,5.0,Woman capital term size firm against.,
143,4.0,5.0,Business doctor miss glass when.,
144,3.0,5.0,Into first scientist.,
145,3.0,4.0,,
146,,,,
147,3.0,5.0,,
148,5.0,4.0,,
149,3.0,4.0,Difference say race that.,
150,3.0,3.0,Various truth society child section party leg.,
151,3.0,3.0,Serve indicate choice wall ground carry politics.,
152,,,,
153,5.0,3.0,Eye notice high purpose PM.,
154,3.0,4.0,Off save eat break finish left quality.,
155,5.0,5.0,,
156,,,,Change of plans
157,4.0,4.0,Administration trial prove eye plan age.,
158,3.0,5.0,,
159,,,,
160,5.0,3.0,,
161,4.0,5.0,Sound manager red gun.,
162,4.0,3.0,Produce decide news coach.,
163,,,,Late booking
164,3.0,5.0,Movement accept hotel always contain action throughout.,
165,5.0,5.0,Politics responsibility government when.,
166,3.0,4.0,,
167,4.0,3.0,Factor suggest sell.,
168,4.0,5.0,Individual hand keep side region daughter.,
169,,,,
170,4.0,5.0,,
171,,,,Payment issue
172,5.0,5.0,Somebody finish issue other.,
173,3.0,3.0,Later teach I teacher.,
174,,,,No driver
175,5.0,3.0,,
176,4.0,4.0,,
177,4.0,3.0,Box close behavior especially degree Republican.,
178,4.0,4.0,Anything go official continue reduce game she.,
179,,,,No driver
180,5.0,3.0,Prepare main high professor sell third bit.,
181,,,,No driver
182,,,,Late booking
183,,,,Change of plans
184,5.0,3.0,Let national but statement every.,
185,4.0,3.0,Cold maintain side against realize red wife.,
186,4.0,3.0,Why new enough should activity back wrong provide.,
187,5.0,4.0,,
188,3.0,5.0,Reveal Congress growth not attention coach.,
189,,,,Change of plans
190,,,,
191,,,,Late booking
192,3.0,4.0,,
193,5.0,5.0,None cultural too oil beautiful why.,
194,5.0,3.0,Very financial section imagine even pick adult.,
195,3.0,4.0,Growth spring far Mrs party field.,
196,,,,Late booking
197,5.0,4.0,,
198,3.0,5.0,,
199,,,,Payment issue
200,3.0,5.0,,
201,5.0,4.0,,
202,,,,Change of plans
203,4.0,3.0,,
204,,,,Late booking
205,5.0,4.0,,
206,5.0,4.0,Office season ahead.,
207,,,,Payment issue
208,5.0,3.0,,
209,,,,Payment issue
210,,,,
211,,,,
212,3.0,3.0,Ground east floor bag bar between adult.,
213,3.0,4.0,Enough support either whose must trouble bed.,
214,3.0,5.0,Finish piece must some these nice record.,
215,4.0,5.0,,
216,5.0,4.0,Take include assume partner.,
217,5.0,4.0,Notice lose we care early effect there.,
218,3.0,5.0,Across floor of arrive if live.,
219,3.0,5.0,Discuss because ever office.,
220,3.0,5.0,Man once threat them vote individual.,
221,,,,Payment issue
222,4.0,5.0,,
223,4.0,3.0,Ground stand old black assume although list several.,
224,,,,
225,5.0,4.0,Require forward benefit drive room.,
226,4.0,4.0,,
227,4.0,4.0,Room garden step sort both.,
228,3.0,5.0,Member network or understand.,
229,5.0,3.0,Happy house sometimes likely return.,
230,,,,No driver
231,3.0,3.0,Job carry million improve power.,
232,5.0,3.0,Look guess issue interest technology reach only.,
233,3.0,5.0,,
234,,,,
235,,,,No driver
236,3.0,4.0,,
237,,,,Change of plans
238,5.0,5.0,Their their stuff production deal around.,
239,,,,No driver
240,5.0,4.0,Eight article actually push possible.,
241,4.0,3.0,,
242,4.0,5.0,Parent collection than yet fact.,
243,4.0,3.0,,
244,4.0,4.0,,
245,,,,
246,4.0,5.0,Forward rich current many act main.,
247,4.0,3.0,Democratic sit network stage without.,
248,4.0,3.0,Act safe position type executive play.,
249,,,,
250,4.0,3.0,Friend often people defense measure prove foreign.,
251,4.0,5.0,Seven picture focus material his anyone number.,
252,5.0,3.0,Poor standard economic music represent particular.,
253,,,,Late booking
254,3.0,4.0,Operation entire member thus money improve bit.,
255,3.0,4.0,Free fund state size station watch well black.,
256,4.0,3.0,Page successful late child break.,
257,,,,Late booking
258,3.0,5.0,Use source Mrs history whose mission woman away.,
259,5.0,5.0,Method station hand research.,
260,3.0,5.0,Mouth fish instead.,
261,4.0,4.0,Suggest analysis success knowledge.,
262,,,,No driver
263,5.0,3.0,Scientist avoid they turn contain test expect.,
264,,,,Payment issue
265,5.0,3.0,Good nice six picture perform.,
266,5.0,3.0,Such dinner also past continue herself government.,
267,5.0,5.0,,
268,5.0,3.0,Senior central professor tough billion.,
269,4.0,5.0,,
270,3.0,5.0,,
271,3.0,5.0,Read last risk.,
272,4.0,3.0,Which practice head as begin us nothing.,
273,4.0,3.0,Air campaign realize treat either call.,
274,4.0,4.0,Both smile on consider.,
275,5.0,4.0,Law would opportunity ten.,
276,5.0,3.0,Heart perhaps call travel agree.,
277,5.0,4.0,Available center coach whether chance.,
278,5.0,5.0,Never effect agent white somebody.,
279,4.0,3.0,Seven opportunity local allow politics attack.,
280,,,,Payment issue
281,4.0,3.0,Whether him floor bad.,
282,,,,Payment issue
283,,,,
284,3.0,5.0,Reveal part lay action.,
285,3.0,4.0,Strategy whether production child improve apply.,
286,,,,
287,5.0,3.0,Half note enough unit.,
288,3.0,3.0,Side minute hospital drug today.,
289,4.0,4.0,The late none own serious whose enter certain.,
290,4.0,5.0,Simple particular good east where.,
291,,,,
292,,,,
293,,,,
294,5.0,3.0,Capital purpose about respond join me.,
295,,,,Change of plans
296,3.0,3.0,Finish sister new price forget.,
297,3.0,5.0,Medical fire director little.,
298,3.0,5.0,Say western boy rather.,
299,,,,Late booking
300,,,,
301,4.0,3.0,Nearly be different star get nature land.,
302,5.0,4.0,Act probably against young choose.,
303,,,,Payment issue
304,5.0,4.0,You whatever boy wait interest pay.,
305,3.0,3.0,,
306,,,,No driver
307,4.0,4.0,,
308,3.0,3.0,Fund major newspaper soldier financial.,
309,,,,
310,3.0,3.0,Only special reality half in sport.,
311,,,,Change of plans
312,5.0,3.0,Us fund of account run.,
313,3.0,3.0,,
314,4.0,5.0,Study near least produce.,
315,4.0,5.0,,
316,,,,Payment issue
317,4.0,3.0,Tax party often magazine much.,
318,,,,
319,3.0,5.0,Friend center music ahead.,
320,4.0,5.0,Oil bag perform rest friend degree what.,
321,,,,
322,3.0,5.0,Us improve once wrong agreement.,
323,3.0,5.0,Bring drug follow car type knowledge large election.,
324,4.0,3.0,Body energy effect past growth human.,
325,3.0,5.0,Same somebody find state fight compare argue.,
326,3.0,3.0,Blood your gun difference place seven.,
327,,,,Change of plans
328,5.0,4.0,,
329,,,,
330,3.0,3.0,True enter president.,
331,,,,
332,,,,No driver
333,,,,
334,,,,No driver
335,,,,Payment issue
336,4.0,3.0,Coach pattern national world or.,
337,5.0,4.0,,
338,5.0,3.0,Writer inside poor common change third policy.,
339,3.0,3.0,Stand miss radio upon.,
340,3.0,4.0,Nearly song degree southern reflect reveal.,
341,,,,Late booking
342,4.0,5.0,,
343,4.0,3.0,Old including light should less explain.,
344,5.0,4.0,Leg sort yeah to pay later for.,
345,,,,
346,4.0,5.0,All think who power.,
347,3.0,5.0,Rather visit start half phone.,
348,,,,
349,3.0,4.0,Reach short commercial floor teach.,
350,,,,Late booking
351,,,,Payment issue
352,4.0,3.0,Must they ok agreement dinner car responsibility wear.,
353,,,,No driver
354,5.0,3.0,,
355,5.0,5.0,Agree including fly ever first ahead.,
356,,,,
357,5.0,4.0,,
358,5.0,3.0,,
359,5.0,3.0,,
360,,,,
361,4.0,4.0,Certainly color part responsibility technology institution.,
362,,,,
363,3.0,3.0,,
364,4.0,3.0,Animal lay meet movement explain especially national.,
365,5.0,4.0,Service trial stay chair system so.,
366,,,,Late booking
367,5.0,5.0,,
368,,,,Late booking
369,4.0,3.0,,
370,3.0,3.0,Happy center eat heavy.,
371,,,,Change of plans
372,5.0,3.0,Material artist far sell.,
373,5.0,5.0,Ready economic have receive floor arrive.,
374,3.0,3.0,That best chance take.,
375,3.0,5.0,Local agree blood strategy.,
376,5.0,5.0,Late difficult local college carry.,
377,5.0,3.0,Main affect provide.,
378,4.0,5.0,Here another across letter close week let.,
379,,,,Change of plans
380,5.0,4.0,As imagine easy service.,
381,3.0,4.0,Second Democrat half air whole body education.,
382,,,,
383,3.0,5.0,,
384,4.0,4.0,,
385,4.0,4.0,Eight near identify former score left majority.,
386,3.0,3.0,Official certain far series civil.,
387,4.0,4.0,Both coach mouth own admit represent.,
388,,,,No driver
389,,,,No driver
390,3.0,4.0,,
391,4.0,5.0,Cultural soldier tax direction meet lay hand onto.,
392,3.0,5.0,Let end today she family.,
393,4.0,4.0,List difference hold lawyer.,
394,4.0,4.0,Return choose gas sing begin year bag.,
395,4.0,4.0,Brother second among local.,
396,4.0,4.0,,
397,3.0,5.0,Interest technology organization.,
398,3.0,3.0,Shoulder wonder actually section mother wall event.,
399,,,,
400,4.0,3.0,Movie push five simple seem central.,
401,3.0,3.0,Music bag name dream house produce police.,
402,3.0,5.0,Action window while million.,
403,5.0,5.0,,
404,5.0,3.0,Along direction benefit card suggest action.,
405,4.0,3.0,Care stock exist maybe quality specific.,
406,5.0,5.0,Learn local risk write card appear field behavior.,
407,5.0,3.0,Fire challenge across course.,
408,4.0,3.0,Car brother pressure.,
409,4.0,3.0,Movement growth key north knowledge.,
410,,,,
411,4.0,5.0,Stuff minute guess.,
412,,,,No driver
413,,,,
414,,,,Payment issue
415,,,,Change of plans
416,,,,
417,,,,
418,3.0,5.0,,
419,4.0,4.0,Bad man collection help hotel.,
420,4.0,5.0,Public kind analysis scene reach option around.,
421,5.0,5.0,Garden over western able less western act lead.,
422,,,,No driver
423,5.0,4.0,Still evening where will both resource agree.,
424,4.0,3.0,Subject factor ball effort improve.,
425,,,,Late booking
426,4.0,3.0,He example into statement high physical single.,
427,4.0,5.0,Those teacher number.,
428,3.0,4.0,School simple receive evening perform fine.,
429,,,,
430,3.0,3.0,Blood smile wish.,
431,4.0,3.0,Offer plant one today ball true.,
432,4.0,5.0,Represent away pressure great sport consumer.,
433,5.0,4.0,Arm get bill occur add south.,
434,,,,
435,5.0,4.0,Several song loss person spend.,
436,,,,Change of plans
437,4.0,4.0,,
438,,,,Change of plans
439,5.0,4.0,,
440,4.0,3.0,,
441,3.0,4.0,Concern understand decade something lawyer even our.,
442,,,,Payment issue
443,4.0,5.0,Should seek history its back action system speech.,
444,3.0,5.0,Every instead rather.,
445,4.0,5.0,,
446,5.0,3.0,,
447,,,,No driver
448,5.0,3.0,Party special take property.,
449,5.0,4.0,,
450,,,,
451,4.0,3.0,,
452,4.0,3.0,American night drop shake.,
453,,,,Change of plans
454,4.0,4.0,,
455,,,,Late booking
456,3.0,3.0,Watch population along interest ok range.,
457,3.0,4.0,Address do start indeed hospital their nothing organization.,
458,,,,Change of plans
459,5.0,5.0,,
460,,,,Change of plans
461,5.0,3.0,,
462,5.0,3.0,,
463,3.0,3.0,Hot deep plant ago town statement goal.,
464,5.0,5.0,,
465,4.0,4.0,Building happen process quickly practice bad reflect could.,
466,3.0,5.0,,
467,3.0,4.0,Collection cause camera kitchen turn enough build.,
468,3.0,5.0,Of since evening because ok hospital lose.,
469,5.0,3.0,Fund where sport professional course.,
470,4.0,3.0,Alone international give argue blood where set off.,
471,4.0,5.0,National source chance visit.,
472,5.0,5.0,Imagine us whom choose.,
473,5.0,5.0,I change military present.,
474,4.0,3.0,It night could.,
475,,,,Payment issue
476,3.0,4.0,,
477,5.0,5.0,Pass couple truth teacher.,
478,,,,Payment issue
479,,,,
480,,,,Payment issue
481,3.0,4.0,Number yourself series degree include establish.,
482,4.0,5.0,Believe rate home specific us.,
483,3.0,4.0,Including director event west article medical parent.,
484,4.0,4.0,Democratic guess media option pressure artist.,
485,5.0,4.0,Five card traditional store former individual experience fine.,
486,5.0,5.0,Clearly figure story population mouth admit.,
487,3.0,3.0,,
488,4.0,3.0,,
489,4.0,4.0,Heart member green mission partner claim option.,
490,,,,
491,4.0,4.0,Accept third face field some.,
492,4.0,5.0,,
493,,,,Change of plans
494,3.0,5.0,Address leader sea speech soon.,
495,3.0,4.0,Race wait beyond.,
496,3.0,3.0,Dog military tree huge return.,
497,5.0,5.0,May action parent forget small science.,
498,,,,Change of plans
499,,,,Change of plans
500,3.0,5.0,,
501,5.0,5.0,,
502,3.0,3.0,Serious onto be rise very size develop budget.,
503,3.0,3.0,Capital include hit yard second.,
504,4.0,5.0,Allow feel these from hair.,
505,,,,Payment issue
506,,,,Payment issue
507,5.0,4.0,,
508,,,,Change of plans
509,3.0,3.0,Drive total fact anything.,
510,,,,Payment issue
511,,,,
512,,,,Payment issue
513,5.0,3.0,,
514,4.0,3.0,Gas still really recognize beat.,
515,,,,Payment issue
516,3.0,4.0,,
517,4.0,5.0,,
518,,,,Late booking
519,3.0,5.0,,
520,3.0,5.0,Fine TV experience.,
521,3.0,3.0,,
522,5.0,3.0,Health TV range walk character course president.,
523,,,,
524,,,,Late booking
525,,,,Payment issue
526,4.0,5.0,Agreement director force just drop wife president.,
527,3.0,4.0,Alone visit result assume allow big center scene.,
528,3.0,4.0,,
529,,,,Late booking
530,3.0,3.0,,
531,5.0,5.0,Condition building toward laugh.,
532,4.0,3.0,,
533,3.0,3.0,,
534,5.0,5.0,Mean expect mention state teach.,
535,,,,Late booking
536,,,,
537,4.0,4.0,,
538,4.0,4.0,,
539,4.0,4.0,,
540,4.0,3.0,Door add often.,
541,,,,No driver
542,3.0,3.0,,
543,5.0,3.0,Including store mind memory message table Republican whom.,
544,3.0,3.0,,
545,3.0,3.0,Drug account clearly.,
546,4.0,5.0,,
547,5.0,4.0,Evidence dark will education several.,
548,3.0,5.0,,
549,3.0,4.0,Deal large age magazine.,
550,3.0,5.0,Little character realize quality trade consumer.,
551,,,,No driver
552,3.0,5.0,Its affect magazine research speak fly.,
553,3.0,4.0,Image place sometimes many discussion official under.,
554,,,,Payment issue
555,4.0,3.0,Question lose performance.,
556,5.0,5.0,Staff itself year claim message smile economy.,
557,4.0,4.0,,
558,,,,
559,4.0,4.0,College full moment result hospital.,
560,,,,Change of plans
561,4.0,4.0,,
562,,,,Late booking
563,3.0,3.0,Natural within doctor oil minute ok.,
564,4.0,5.0,Time company success move always simple worry five.,
565,5.0,4.0,,
566,5.0,4.0,Congress quality live.,
567,5.0,5.0,Perform some daughter face myself.,
568,3.0,4.0,,
569,4.0,4.0,Despite drive force room too several son.,
570,3.0,5.0,,
571,5.0,3.0,Cut realize TV to response think second.,
572,4.0,4.0,Make if car room.,
573,,,,Late booking
574,4.0,4.0,Front catch happy simple argue skill.,
575,3.0,3.0,Senior performance tell control firm stage factor.,
576,5.0,3.0,,
577,4.0,5.0,None speak such whom certain.,
578,3.0,3.0,,
579,,,,
580,,,,Payment issue
581,5.0,3.0,Those sound foreign half body should control.,
582,4.0,5.0,All environmental local reveal born five.,
583,5.0,4.0,Thousand responsibility create talk.,
584,,,,Late booking
585,5.0,3.0,,
586,4.0,5.0,Measure pattern data major.,
587,,,,No driver
588,3.0,4.0,Collection require several step movie marriage.,
589,,,,No driver
590,3.0,5.0,Dream public suggest perform you offer find.,
591,,,,No driver
592,,,,Late booking
593,,,,No driver
594,,,,Change of plans
595,,,,
596,4.0,5.0,Deep experience break movie our per care.,
597,4.0,5.0,,
598,4.0,3.0,Detail she five manager manager also.,
599,,,,Change of plans
600,3.0,4.0,Argue movie something smile well walk.,
601,4.0,5.0,Own option sound bed music agreement.,
602,,,,Payment issue
603,5.0,3.0,Present student by long.,
604,4.0,5.0,,
605,,,,Payment issue
606,,,,
607,,,,
608,5.0,3.0,Race area fight gas fact material various same.,
609,3.0,3.0,Role us agency dream.,
610,5.0,4.0,Window beyond they test hold.,
611,3.0,3.0,Edge worry dog fight trip.,
612,,,,
613,5.0,5.0,,
614,5.0,5.0,Author group now peace one word subject film.,
615,,,,Change of plans
616,4.0,3.0,Design vote recognize.,
617,3.0,4.0,,
618,4.0,3.0,,
619,5.0,5.0,Including war do.,
620,4.0,4.0,,
621,,,,No driver
622,,,,No driver
623,3.0,3.0,Blood pass recent lose.,
624,4.0,5.0,Also yard end event figure.,
625,,,,Payment issue
626,3.0,3.0,,
627,,,,
628,,,,No driver
629,5.0,5.0,Worker before world owner collection person sister.,
630,3.0,3.0,Expert never less vote executive fire.,
631,3.0,3.0,Would reach town similar consumer yourself.,
632,,,,
633,4.0,4.0,Need nation worry marriage weight to whole into.,
634,4.0,4.0,Listen direction west.,
635,4.0,4.0,,
636,,,,Change of plans
637,5.0,4.0,Consider conference natural market account.,
638,,,,
639,5.0,3.0,Boy someone author want threat although could.,
640,,,,Change of plans
641,4.0,4.0,,
642,5.0,3.0,Student Mrs energy consider.,
643,5.0,3.0,Might our later recently move executive.,
644,,,,No driver
645,,,,No driver
646,5.0,5.0,Behind my personal.,
647,4.0,4.0,,
648,5.0,3.0,,
649,3.0,3.0,Movie western election stop clearly democratic Republican a.,
650,4.0,4.0,Marriage improve control across identify area.,
651,4.0,5.0,,
652,4.0,3.0,Society mind opportunity determine Democrat front accept.,
653,4.0,5.0,Card fire travel quite everyone machine.,
654,3.0,3.0,Movie social doctor cause culture.,
655,,,,
656,4.0,3.0,,
657,,,,Change of plans
658,3.0,4.0,,
659,,,,Payment issue
660,3.0,4.0,Music show break adult couple perhaps.,
661,,,,No driver
662,3.0,5.0,Inside individual product cold.,
663,5.0,5.0,,
664,5.0,4.0,Take answer heavy will already.,
665,4.0,4.0,Light baby thank wonder TV almost fine myself.,
666,4.0,4.0,Head half customer future drop for often.,
667,,,,
668,3.0,4.0,Nearly suffer fall specific.,
669,5.0,4.0,Memory view hair ball expect with.,
670,,,,
671,3.0,5.0,Care gun likely attention ten.,
672,,,,
673,5.0,5.0,Instead throw hour interview stock movie practice.,
674,3.0,5.0,,
675,4.0,5.0,Easy interesting discuss better.,
676,3.0,3.0,,
677,5.0,4.0,Police one five weight test gas guy.,
678,4.0,5.0,,
679,4.0,5.0,,
680,4.0,5.0,,
681,3.0,3.0,Six more work front different like.,
682,,,,
683,,,,Change of plans
684,,,,
685,,,,No driver
686,,,,
687,4.0,4.0,Ok forget Republican for.,
688,3.0,4.0,Want task situation relationship red color.,
689,,,,Change of plans
690,,,,Change of plans
691,5.0,3.0,Defense thank it make conference art side skill.,
692,5.0,5.0,A learn might tonight work.,
693,,,,No driver
694,3.0,3.0,,
695,5.0,4.0,,
696,,,,Late booking
697,,,,
698,5.0,3.0,Finish positive read.,
699,3.0,5.0,,
700,4.0,4.0,Government decade perform hot stage.,
701,3.0,5.0,Imagine weight once none fine sell.,
702,3.0,5.0,Wife eat after have.,
703,3.0,4.0,Seem message receive newspaper.,
704,,,,No driver
705,,,,
706,,,,
707,,,,
708,,,,No driver
709,3.0,3.0,Us meeting mouth modern.,
710,3.0,5.0,Consumer hope current.,
711,4.0,4.0,,
712,3.0,4.0,,
713,4.0,4.0,Only cell deep strong.,
714,5.0,5.0,Product current finish where painting production.,
715,5.0,4.0,Wrong large family report Congress finally where.,
716,4.0,5.0,History into black catch.,
717,5.0,4.0,,
718,5.0,4.0,Threat perhaps bed in state candidate.,
719,,,,Payment issue
720,3.0,3.0,Either research account rise will.,
721,4.0,4.0,,
722,3.0,3.0,,
723,5.0,4.0,,
724,,,,Payment issue
725,4.0,5.0,Sport cup teacher chance start.,
726,,,,
727,5.0,4.0,Important something room into executive.,
728,4.0,4.0,Culture level easy authority point.,
729,5.0,4.0,Owner experience power.,
730,5.0,3.0,,
731,,,,Change of plans
732,,,,Payment issue
733,3.0,5.0,Somebody large by lay never between quickly call.,
734,4.0,3.0,Investment weight good night ability.,
735,4.0,4.0,Despite would yet.,
736,,,,
737,3.0,5.0,Heart seven professor size.,
738,,,,
739,4.0,4.0,Care morning people size theory.,
740,4.0,4.0,Speak leader Mrs strategy note analysis indeed against.,
741,,,,Change of plans
742,4.0,3.0,Area like himself let part.,
743,3.0,3.0,Conference natural arm lay may interest.,
744,4.0,5.0,Pm card option size mission.,
745,,,,
746,4.0,5.0,Sound still arrive southern loss or account.,
747,3.0,3.0,Identify story once contain stage name.,
748,,,,Payment issue
749,4.0,4.0,Training design together raise stand.,
750,,,,Change of plans
751,,,,
752,4.0,3.0,,
753,5.0,4.0,Itself win arm thing himself month.,
754,4.0,3.0,,
755,3.0,3.0,Skill do present they loss nation.,
756,,,,Payment issue
757,5.0,3.0,,
758,,,,
759,3.0,5.0,Threat site close pick.,
760,3.0,5.0,Above week easy already necessary here but four.,
761,4.0,3.0,Career base middle even yet research away.,
762,,,,Change of plans
763,5.0,5.0,Area occur help your financial.,
764,,,,Payment issue
765,4.0,4.0,,
766,,,,
767,,,,
768,5.0,4.0,Change note owner thus.,
769,,,,No driver
770,5.0,5.0,Actually page difficult education four hair particular.,
771,,,,
772,3.0,5.0,Develop available ten whole.,
773,3.0,4.0,,
774,4.0,4.0,Case recognize area act management scene far.,
775,,,,
776,4.0,3.0,,
777,4.0,4.0,East subject despite however site walk maintain.,
778,,,,Late booking
779,,,,
780,,,,
781,,,,Late booking
782,,,,
783,,,,No driver
784,,,,
785,,,,Change of plans
786,3.0,4.0,,
787,3.0,5.0,,
788,5.0,4.0,,
789,4.0,3.0,,
790,5.0,3.0,,
791,3.0,4.0,Decision old religious person water example game.,
792,4.0,3.0,Seem similar this collection arm realize since staff.,
793,4.0,5.0,,
794,5.0,5.0,Believe let home positive research history.,
795,4.0,3.0,Information machine director series friend operation.,
796,5.0,3.0,,
797,4.0,5.0,Create direction claim he community.,
798,3.0,3.0,,
799,,,,Late booking
800,,,,Payment issue
801,,,,Late booking
802,3.0,3.0,Rate outside middle.,
803,,,,Payment issue
804,4.0,3.0,Police region build kid generation mission difficult certain.,
805,5.0,3.0,,
806,,,,Late booking
807,5.0,5.0,Population others simply whether region hair.,
808,4.0,4.0,,
809,3.0,3.0,Growth board son fly suggest.,
810,,,,Payment issue
811,5.0,4.0,Discover discussion raise suddenly.,
812,,,,No driver
813,,,,
814,,,,
815,5.0,3.0,Physical easy Congress evening identify trouble.,
816,5.0,5.0,,
817,,,,Change of plans
818,5.0,4.0,Machine build plan off write especially.,
819,3.0,3.0,,
820,4.0,5.0,Must again husband notice might Congress.,
821,5.0,4.0,Can set rate animal avoid choose.,
822,,,,
823,5.0,5.0,Short respond identify food customer side dark guy.,
824,3.0,3.0,Expert nearly look.,
825,4.0,3.0,Possible international return this only place street.,
826,3.0,5.0,However strategy third television among speech.,
827,3.0,3.0,Effect result interview investment support treatment.,
828,3.0,3.0,Without imagine television wait.,
829,3.0,5.0,,
830,,,,
831,,,,Change of plans
832,5.0,4.0,,
833,3.0,3.0,,
834,3.0,5.0,Though interesting way.,
835,5.0,5.0,,
836,,,,
837,,,,Change of plans
838,4.0,3.0,International of this.,
839,,,,
840,3.0,5.0,Pretty find store serious couple summer girl crime.,
841,3.0,4.0,Technology animal official data be add wind.,
842,,,,
843,5.0,3.0,Wall choose leg time son me.,
844,,,,Late booking
845,,,,
846,3.0,3.0,Us build drive fund such win her.,
847,5.0,3.0,Next west across data.,
848,5.0,4.0,Responsibility option act enough firm.,
849,3.0,5.0,Pm consumer you among follow.,
850,4.0,4.0,Why truth interesting course and land several even.,
851,4.0,5.0,Have black design another public fill.,
852,4.0,3.0,Hit lead relationship save provide trade.,
853,3.0,5.0,,
854,3.0,3.0,Provide player oil would perhaps.,
855,3.0,3.0,,
856,,,,
857,,,,
858,5.0,3.0,,
859,3.0,3.0,Avoid development also option key drive north.,
860,,,,Change of plans
861,4.0,5.0,Onto commercial seem girl also.,
862,5.0,4.0,Understand condition investment message major open college.,
863,5.0,5.0,However whose responsibility expect available else least bill.,
864,3.0,3.0,,
865,3.0,4.0,College include involve firm.,
866,3.0,5.0,Dog a seem.,
867,3.0,3.0,,
868,,,,
869,,,,Payment issue
870,5.0,4.0,,
871,3.0,5.0,Serious box go yes issue.,
872,3.0,4.0,Reach any involve girl true north hit could.,
873,,,,Payment issue
874,5.0,4.0,,
875,4.0,3.0,Another fast moment gun challenge product model lawyer.,
876,4.0,5.0,,
877,5.0,4.0,Yard get glass when Mr oil.,
878,5.0,5.0,Daughter school actually blood use gun.,
879,3.0,5.0,,
880,3.0,3.0,Yes everybody fish view.,
881,5.0,4.0,Crime white music produce.,
882,,,,Payment issue
883,,,,Change of plans
884,,,,
885,3.0,5.0,,
886,,,,Change of plans
887,,,,Payment issue
888,3.0,5.0,Several fire visit through.,
889,4.0,4.0,Simply process able teacher few discover open you.,
890,4.0,5.0,Skin exactly cold see must half story skill.,
891,,,,No driver
892,,,,No driver
893,4.0,4.0,,
894,5.0,5.0,Season start away.,
895,5.0,4.0,,
896,3.0,3.0,Nation campaign under sound late.,
897,5.0,3.0,About nothing before responsibility administration prove reveal.,
898,4.0,4.0,,
899,4.0,4.0,Else trip individual TV.,
900,5.0,3.0,Fact pattern take environmental poor half.,
901,3.0,3.0,Theory fear high father wish east.,
902,3.0,4.0,Task identify represent loss.,
903,5.0,4.0,Hundred work computer author collection.,
904,4.0,5.0,,
905,,,,Late booking
906,4.0,4.0,,
907,,,,
908,,,,
909,5.0,4.0,Into ever before move.,
910,5.0,4.0,,
911,5.0,4.0,,
912,3.0,3.0,,
913,,,,Late booking
914,,,,
915,,,,Late booking
916,3.0,3.0,Usually writer man development.,
917,4.0,5.0,Ever visit behind threat discussion back agency black.,
918,5.0,3.0,Your six beautiful word rise pattern.,
919,3.0,4.0,Street offer growth treat.,
920,4.0,5.0,Today common mother charge policy win design.,
921,4.0,3.0,,
922,4.0,3.0,Along management decade book every continue land.,
923,5.0,3.0,Rather something nice impact phone clearly.,
924,5.0,5.0,,
925,3.0,4.0,,
926,,,,
927,3.0,3.0,Experience hand mean how first remember.,
928,,,,Change of plans
929,4.0,5.0,,
930,3.0,4.0,,
931,5.0,5.0,,
932,4.0,5.0,Cultural later above spend return whom decision.,
933,5.0,3.0,Item store citizen activity respond month.,
934,,,,No driver
935,4.0,4.0,,
936,4.0,3.0,Just join provide performance commercial.,
937,3.0,3.0,Get husband create choose could edge animal.,
938,4.0,5.0,,
939,4.0,5.0,,
940,,,,Payment issue
941,4.0,5.0,A include experience only traditional particular your hope.,
942,4.0,3.0,Purpose child price watch enough fly language.,
943,4.0,3.0,Then meeting feeling far raise east peace.,
944,3.0,3.0,May reflect trouble find affect.,
945,4.0,4.0,Shake like develop.,
946,,,,Change of plans
947,4.0,3.0,Similar suggest hot stop usually quickly would.,
948,4.0,4.0,Table catch edge the degree.,
949,,,,No driver
950,4.0,4.0,Myself building ago southern represent western company.,
951,,,,Payment issue
952,5.0,5.0,Fire maybe under lawyer commercial market upon.,
953,,,,
954,3.0,5.0,Summer live statement much floor office.,
955,3.0,4.0,Current popular anyone away run small.,
956,5.0,3.0,Open major near lead detail air pretty inside.,
957,4.0,4.0,Themselves management ground ahead seek Democrat indicate throw.,
958,4.0,3.0,Right top hour fish value.,
959,3.0,3.0,Lawyer health beat painting song.,
960,4.0,3.0,Left per call state share consumer product into.,
961,4.0,4.0,Focus citizen officer moment product somebody.,
962,3.0,5.0,Ago draw ground budget probably name experience.,
963,,,,Payment issue
964,4.0,5.0,,
965,4.0,3.0,Firm sometimes front past.,
966,3.0,5.0,Amount shoulder I election though detail.,
967,,,,Payment issue
968,5.0,3.0,Major wish movement bit.,
969,,,,
970,,,,
971,,,,Late booking
972,3.0,3.0,,
973,4.0,4.0,,
974,3.0,5.0,,
975,5.0,4.0,Speak mind there evening lawyer discussion on.,
976,5.0,3.0,Statement along actually.,
977,3.0,4.0,Little nearly toward beat article state.,
978,5.0,4.0,,
979,5.0,5.0,Woman sound resource.,
980,5.0,4.0,Follow agree well per drive action everyone affect.,
981,,,,Late booking
982,5.0,4.0,Data tree my book fall.,
983,3.0,5.0,Treatment put spend none reach health.,
984,4.0,4.0,Others important foot money each ten book billion.,
985,3.0,5.0,Performance five its give travel good interview.,
986,,,,Late booking
987,3.0,4.0,Two hear moment reflect easy.,
988,,,,Payment issue
989,5.0,3.0,And bad structure federal.,
990,,,,Payment issue
991,,,,
992,3.0,3.0,,
993,4.0,4.0,Street performance tough possible occur.,
994,5.0,5.0,Blood face beautiful wish return community also.,
995,3.0,5.0,,
996,5.0,5.0,Garden visit radio how tax special director.,
997,,,,Change of plans
998,,,,
999,,,,Payment issue
1000,5.0,4.0,,
1001,5.0,3.0,,
1002,5.0,3.0,Probably little enter tell consumer.,
1003,5.0,5.0,,
1004,,,,
1005,,,,
1006,,,,Change of plans
1007,,,,Late booking
1008,5.0,5.0,Study easy decade Republican somebody.,
1009,4.0,5.0,Purpose likely surface right.,
1010,,,,No driver
1011,3.0,3.0,Court but see partner study happen.,
1012,3.0,4.0,,
1013,3.0,3.0,Particularly kind else Republican.,
1014,,,,Payment issue
1015,,,,
1016,,,,Change of plans
1017,3.0,3.0,,
1018,,,,Late booking
1019,3.0,4.0,,
1020,,,,
1021,3.0,4.0,Between opportunity tell try increase challenge.,
1022,3.0,3.0,,
1023,3.0,3.0,Option well its certain artist experience.,
1024,,,,
1025,3.0,3.0,Quality degree member environmental say product modern.,
1026,4.0,5.0,Civil himself big place include.,
1027,3.0,5.0,Effect leader audience many what note measure.,
1028,,,,
1029,4.0,4.0,Ground cultural personal trade decade research education.,
1030,5.0,5.0,Nothing why true mission no trade fund.,
1031,,,,
1032,,,,
1033,,,,Change of plans
1034,,,,
1035,3.0,3.0,,
1036,5.0,3.0,,
1037,5.0,4.0,Little news some good sit future market.,
1038,4.0,3.0,Different if how town unit.,
1039,,,,No driver
1040,4.0,4.0,,
1041,4.0,3.0,More because well arrive onto everybody.,
1042,5.0,5.0,Voice family example consider.,
1043,4.0,3.0,Along as kitchen stop a.,
1044,4.0,3.0,,
1045,5.0,4.0,Western girl clear your positive.,
1046,,,,Change of plans
1047,5.0,4.0,,
1048,5.0,3.0,Wish safe production radio successful space identify for.,
1049,3.0,3.0,Send article get perform.,
1050,5.0,5.0,Large research land speak.,
1051,4.0,5.0,Until pay personal.,
1052,,,,Late booking
1053,3.0,3.0,,
1054,5.0,3.0,Bad billion education space however.,
1055,3.0,3.0,Usually former somebody follow cover what affect.,
1056,4.0,5.0,Space fund treatment.,
1057,,,,Payment issue
1058,5.0,5.0,Much until century candidate none.,
1059,,,,Payment issue
1060,,,,No driver
1061,,,,Change of plans
1062,4.0,3.0,,
1063,3.0,3.0,Any star actually career.,
1064,4.0,4.0,Sometimes real our.,
1065,,,,
1066,,,,
1067,3.0,4.0,West under have apply let of southern.,
1068,,,,
1069,3.0,3.0,Democratic trouble recognize seven lawyer fight.,
1070,5.0,5.0,,
1071,3.0,4.0,Out enough history type sister.,
1072,4.0,4.0,Culture political build no main resource safe.,
1073,,,,
1074,5.0,5.0,Act deep history.,
1075,3.0,5.0,Whatever sell member shoulder.,
1076,3.0,3.0,Occur result sing knowledge make.,
1077,5.0,3.0,Attack charge end create behavior.,
1078,3.0,5.0,Hit about above camera everybody factor.,
1079,,,,Payment issue
1080,5.0,3.0,Ask audience federal carry thus.,
1081,5.0,3.0,Consider dark animal south office blue.,
1082,5.0,3.0,Actually our light too program company little.,
1083,3.0,5.0,Left across return company.,
1084,,,,Payment issue
1085,3.0,3.0,Beyond just attention affect always health green.,
1086,5.0,4.0,Help general rich others where wait.,
1087,4.0,4.0,Better kid nation sport event need who.,
1088,4.0,5.0,Staff final its machine.,
1089,,,,No driver
1090,4.0,3.0,,
1091,3.0,5.0,,
1092,5.0,5.0,,
1093,4.0,4.0,Discover ready talk job watch start power.,
1094,3.0,3.0,Business follow recognize statement institution various.,
1095,5.0,3.0,Trouble section ok about table.,
1096,3.0,4.0,Suggest develop second ahead let positive likely.,
1097,,,,Payment issue
1098,5.0,4.0,Bed child ball official truth event fire.,
1099,3.0,5.0,Behind southern whatever woman.,
1100,,,,
1101,5.0,5.0,Ever matter ground fast large.,
1102,,,,Late booking
1103,4.0,4.0,,
1104,,,,Change of plans
1105,4.0,4.0,,
1106,,,,No driver
1107,4.0,5.0,Close agent and thought.,
1108,5.0,5.0,,
1109,3.0,3.0,,
1110,3.0,3.0,Town true skin media senior western our realize.,
1111,4.0,4.0,Them before practice language.,
1112,4.0,4.0,Finally go bad total near address.,
1113,4.0,4.0,Other yeah ability first.,
1114,4.0,3.0,House agree Congress back open.,
1115,,,,Payment issue
1116,3.0,3.0,Team street others until during.,
1117,,,,Payment issue
1118,,,,
1119,5.0,4.0,,
1120,,,,Payment issue
1121,4.0,4.0,Enjoy area real maintain investment.,
1122,4.0,5.0,,
1123,3.0,5.0,,
1124,3.0,4.0,Author build treat business throughout.,
1125,4.0,3.0,Plan fine science girl.,
1126,,,,Change of plans
1127,,,,No driver
1128,4.0,5.0,Color discussion song understand.,
1129,5.0,5.0,Like professor alone me.,
1130,5.0,4.0,,
1131,,,,Change of plans
1132,3.0,5.0,Dark president within reality will us participant skill.,
1133,4.0,5.0,Interesting guess head lawyer ahead.,
1134,4.0,3.0,,
1135,,,,Payment issue
1136,5.0,3.0,,
1137,5.0,3.0,Black form have talk need until.,
1138,4.0,3.0,,
1139,5.0,3.0,,
1140,5.0,4.0,My plant senior foreign.,
1141,4.0,5.0,Sea letter rate either.,
1142,3.0,5.0,Then security whom almost.,
1143,4.0,4.0,No everyone computer others middle enter.,
1144,3.0,3.0,Begin evening play mouth what Democrat who.,
1145,4.0,4.0,,
1146,5.0,3.0,Analysis style management store nearly party laugh will.,
1147,5.0,3.0,Industry officer talk rule whatever use wide color.,
1148,,,,
1149,4.0,5.0,Article past concern list.,
1150,3.0,3.0,Site assume court ten.,
1151,5.0,4.0,Wife family off us along hospital.,
1152,4.0,4.0,Myself environment compare near election subject.,
1153,4.0,5.0,Begin dinner three improve sure positive four.,
1154,3.0,4.0,Push condition I science.,
1155,3.0,5.0,,
1156,5.0,3.0,You imagine administration support service majority design.,
1157,,,,
1158,,,,Change of plans
1159,4.0,3.0,,
1160,,,,
1161,3.0,5.0,Page green material yet much born.,
1162,,,,
1163,,,,Payment issue
1164,4.0,4.0,Certain general be at much.,
1165,3.0,3.0,,
1166,,,,Payment issue
1167,5.0,5.0,,
1168,4.0,4.0,Letter rate successful bag much themselves research.,
1169,5.0,3.0,,
1170,4.0,5.0,Attention pass successful social study hold car.,
1171,4.0,3.0,Beat resource rise light.,
1172,3.0,4.0,Particular true natural item real.,
1173,,,,Payment issue
1174,5.0,4.0,,
1175,4.0,5.0,Easy player big.,
1176,,,,
1177,,,,No driver
1178,4.0,5.0,,
1179,,,,
1180,3.0,3.0,Get particular list where interview long south final.,
1181,,,,Payment issue
1182,,,,Change of plans
1183,,,,Change of plans
1184,5.0,5.0,College whose return any behind realize treatment.,
1185,4.0,3.0,Audience daughter discussion sense central put.,
1186,5.0,5.0,Many improve any time draw.,
1187,5.0,4.0,,
1188,,,,Late booking
1189,4.0,5.0,Structure still officer specific police.,
1190,5.0,5.0,Majority represent compare happen than debate store.,
1191,4.0,4.0,,
1192,4.0,3.0,Technology study industry couple movie sister even director.,
1193,5.0,3.0,North yard performance rise.,
1194,4.0,3.0,,
1195,5.0,5.0,Easy consumer perform system tree court exactly.,
1196,4.0,3.0,Have start last capital ball.,
1197,5.0,4.0,,
1198,4.0,3.0,,
1199,3.0,3.0,President political event car beyond specific full compare.,
1200,,,,
1201,3.0,5.0,,
1202,3.0,4.0,,
1203,4.0,5.0,Eat person discussion assume senior.,
1204,5.0,4.0,,
1205,5.0,4.0,Hotel local major property.,
1206,3.0,3.0,,
1207,3.0,5.0,,
1208,4.0,5.0,Every successful event those quite.,
1209,5.0,4.0,Paper end special seat fill relate explain social.,
1210,4.0,4.0,Toward prevent or must.,
1211,4.0,3.0,Hear ready buy boy leg happy.,
1212,4.0,5.0,Option message according growth.,
1213,,,,Late booking
1214,4.0,4.0,,
1215,3.0,4.0,Note response gun opportunity.,
1216,3.0,5.0,,
1217,3.0,3.0,Entire all push spring process.,
1218,5.0,3.0,Glass put history economic.,
1219,4.0,5.0,,
1220,,,,Change of plans
1221,,,,No driver
1222,3.0,3.0,Prevent early nearly write research way amount.,
1223,3.0,4.0,Moment window suffer opportunity college great.,
1224,,,,Late booking
1225,5.0,5.0,,
1226,4.0,5.0,,
1227,,,,Late booking
1228,5.0,3.0,,
1229,5.0,3.0,Shake support behind another opportunity.,
1230,,,,
1231,5.0,4.0,Back clear wish try step.,
1232,,,,Late booking
1233,3.0,4.0,,
1234,4.0,4.0,Challenge meet product among recently me.,
1235,4.0,3.0,Rate lawyer end represent cup.,
1236,3.0,5.0,Sport future fish none fact.,
1237,4.0,5.0,Necessary paper raise all president focus.,
1238,3.0,5.0,,
1239,4.0,3.0,Century field road person be adult affect.,
1240,,,,
1241,5.0,5.0,,
1242,4.0,4.0,,
1243,5.0,4.0,End yourself experience.,
1244,,,,No driver
1245,4.0,3.0,,
1246,4.0,5.0,Blood film everyone night future pick speak.,
1247,,,,
1248,5.0,4.0,Policy response enough.,
1249,5.0,3.0,Happy picture left.,
1250,3.0,5.0,,
1251,5.0,3.0,Art Republican much carry fast contain.,
1252,4.0,4.0,Study radio citizen whole watch.,
1253,5.0,4.0,,
1254,4.0,4.0,Enter fish require investment growth statement.,
1255,4.0,3.0,Offer thank high.,
1256,,,,Late booking
1257,4.0,5.0,Middle own open executive base safe.,
1258,4.0,4.0,Ball reduce condition between really.,
1259,,,,Payment issue
1260,,,,Payment issue
1261,,,,No driver
1262,3.0,3.0,Base mean most affect difference anyone.,
1263,5.0,3.0,Young stop high best thank identify popular.,
1264,5.0,4.0,,
1265,,,,Change of plans
1266,,,,Late booking
1267,4.0,3.0,College join trial purpose.,
1268,3.0,3.0,Impact past manager hotel music.,
1269,4.0,5.0,Under budget well face.,
1270,3.0,3.0,A all catch let present community.,
1271,3.0,5.0,Democrat grow throughout cover what.,
1272,,,,
1273,,,,Change of plans
1274,3.0,3.0,,
1275,5.0,5.0,Against expect white can run often.,
1276,5.0,4.0,Lead marriage free customer.,
1277,,,,
1278,4.0,3.0,Game place name brother.,
1279,4.0,3.0,,
1280,3.0,4.0,Size subject let smile help.,
1281,4.0,3.0,Safe conference ground organization heavy manager large sort.,
1282,,,,No driver
1283,5.0,5.0,Main understand under million although arrive so.,
1284,,,,Change of plans
1285,,,,
1286,3.0,3.0,,
1287,4.0,3.0,Trip money name traditional south hair political.,
1288,5.0,5.0,Building song role.,
1289,,,,Payment issue
1290,,,,
1291,,,,
1292,4.0,4.0,The general deal professional word.,
1293,,,,
1294,5.0,4.0,,
1295,5.0,3.0,,
1296,5.0,4.0,Ground outside program.,
1297,,,,Late booking
1298,,,,
1299,3.0,5.0,Mouth decision reveal effort.,
1300,5.0,4.0,Trouble catch under attorney sit.,
1301,,,,
1302,3.0,4.0,,
1303,,,,
1304,,,,Late booking
1305,4.0,3.0,Finish which discussion save light seem.,
1306,,,,
1307,5.0,4.0,Hold everything state sing cause century small.,
1308,4.0,3.0,Article individual election career arm list term.,
1309,3.0,5.0,Hold thought media still boy.,
1310,3.0,4.0,Nature become any simply admit thought.,
1311,,,,
1312,,,,
1313,5.0,3.0,Pull position run leave future.,
1314,5.0,3.0,,
1315,4.0,3.0,,
1316,,,,Payment issue
1317,,,,
1318,5.0,5.0,Factor mouth operation may large see.,
1319,5.0,4.0,Message find hope no suggest.,
1320,5.0,3.0,Success study culture sure tree will.,
1321,3.0,3.0,Probably cold deal herself.,
1322,4.0,3.0,,
1323,,,,
1324,5.0,5.0,,
1325,4.0,4.0,Security join particularly their sense lay artist.,
1326,5.0,5.0,Western must image who place their race.,
1327,5.0,3.0,If attention technology shake.,
1328,3.0,4.0,,
1329,,,,Payment issue
1330,5.0,3.0,Alone future parent prepare term.,
1331,,,,
1332,,,,
1333,5.0,3.0,Serious black decide.,
1334,5.0,4.0,Investment boy major on attention decade.,
1335,4.0,3.0,Woman relate structure order describe daughter.,
1336,,,,Payment issue
1337,5.0,5.0,Others stuff talk scientist night.,
1338,,,,
1339,5.0,3.0,Practice anything author rate her.,
1340,,,,Change of plans
1341,5.0,3.0,Tonight after lot develop book fly own.,
1342,4.0,3.0,Talk look special air world war watch.,
1343,,,,
1344,,,,Payment issue
1345,3.0,5.0,Class for lose economic night.,
1346,,,,Change of plans
1347,,,,No driver
1348,5.0,4.0,Bar measure dark side service real relate.,
1349,3.0,5.0,Large executive you beautiful.,
1350,5.0,4.0,,
1351,4.0,3.0,Pretty light body foot picture information.,
1352,3.0,3.0,Board list deal city.,
1353,,,,
1354,3.0,5.0,Teach price tell learn.,
1355,,,,
1356,5.0,3.0,Happen change just culture store result.,
1357,4.0,5.0,,
1358,5.0,5.0,,
1359,,,,Payment issue
1360,3.0,4.0,Anyone foot deep position middle.,
1361,5.0,5.0,,
1362,5.0,5.0,Start majority nor girl almost thought.,
1363,4.0,4.0,Economy condition although hospital never foreign TV.,
1364,5.0,5.0,Read they practice skill minute.,
1365,5.0,4.0,,
1366,4.0,3.0,,
1367,5.0,5.0,Claim office science every reduce small sell main.,
1368,3.0,5.0,Few maybe theory town popular camera capital hospital.,
1369,,,,
1370,,,,
1371,5.0,4.0,Discuss whether through.,
1372,,,,Late booking
1373,,,,No driver
1374,3.0,4.0,,
1375,,,,No driver
1376,3.0,4.0,Bag physical benefit no chair.,
1377,5.0,5.0,Those thousand over under focus sport church begin.,
1378,3.0,4.0,Help factor house guess police how air figure.,
1379,3.0,3.0,Measure audience heavy concern particularly weight teach.,
1380,3.0,5.0,Enough morning student herself stock security set thought.,
1381,,,,Payment issue
1382,4.0,3.0,Great family middle we popular easy east star.,
1383,4.0,5.0,Carry now significant analysis myself.,
1384,4.0,4.0,,
1385,4.0,3.0,Every we bar.,
1386,,,,Change of plans
1387,4.0,4.0,,
1388,4.0,3.0,,
1389,,,,No driver
1390,4.0,5.0,,
1391,4.0,5.0,,
1392,3.0,4.0,,
1393,5.0,5.0,,
1394,,,,Payment issue
1395,3.0,4.0,,
1396,3.0,3.0,,
1397,5.0,5.0,,
1398,4.0,5.0,Value program administration another side fund.,
1399,,,,No driver
1400,4.0,5.0,,
1401,5.0,3.0,Experience prove assume what machine best.,
1402,4.0,4.0,,
1403,5.0,4.0,Anyone understand like successful argue player.,
1404,5.0,3.0,,
1405,3.0,4.0,Near sense that popular heavy some three.,
1406,5.0,4.0,Collection five major this ahead.,
1407,3.0,5.0,Sister make general environment.,
1408,3.0,5.0,If position us style door true tonight.,
1409,5.0,4.0,,
1410,5.0,3.0,Politics color current building.,
1411,4.0,5.0,Ok feel laugh young figure.,
1412,5.0,5.0,Glass bed hot fly fly task per.,
1413,5.0,5.0,Deep record value difficult across.,
1414,,,,Change of plans
1415,4.0,3.0,,
1416,4.0,3.0,Like then able relationship dinner admit fine.,
1417,5.0,3.0,Simple shake energy.,
1418,3.0,4.0,Rate join prevent simply general four.,
1419,5.0,3.0,,
1420,4.0,3.0,Last data item home.,
1421,5.0,4.0,Raise work next back cultural.,
1422,4.0,3.0,Paper commercial son citizen.,
1423,4.0,5.0,,
1424,5.0,5.0,Push see grow cause some.,
1425,,,,Late booking
1426,,,,No driver
1427,3.0,5.0,Develop law myself through without chance.,
1428,5.0,4.0,Sing maintain she.,
1429,3.0,4.0,None affect tough about build image step opportunity.,
1430,3.0,4.0,,
1431,,,,Change of plans
1432,,,,No driver
1433,,,,Payment issue
1434,3.0,3.0,,
1435,3.0,5.0,Subject property smile billion walk.,
1436,3.0,3.0,See impact many kind herself offer.,
1437,,,,
1438,5.0,4.0,True according and positive close argue economy century.,
1439,4.0,3.0,Computer once across song but book just.,
1440,4.0,4.0,Evening without bill.,
1441,,,,
1442,,,,
1443,,,,Late booking
1444,4.0,3.0,Wife general season admit property story.,
1445,3.0,5.0,Imagine believe really Congress security agent.,
1446,5.0,4.0,Social defense lead later conference.,
1447,4.0,4.0,Good relate report.,
1448,5.0,3.0,Interesting sport structure draw tonight.,
1449,,,,Payment issue
1450,3.0,5.0,Statement long want data body challenge increase.,
1451,,,,Change of plans
1452,4.0,5.0,Mind answer form nice want.,
1453,,,,Change of plans
1454,4.0,5.0,Might beyond site whom care poor.,
1455,,,,Payment issue
1456,3.0,5.0,,
1457,3.0,3.0,Create adult large land spring appear common.,
1458,,,,Change of plans
1459,3.0,3.0,Wind wife population ok show onto.,
1460,4.0,3.0,Almost dinner interest same democratic.,
1461,5.0,4.0,Open control get hear year drop.,
1462,4.0,5.0,End strong physical answer ask.,
1463,5.0,5.0,Information pull dog.,
1464,3.0,5.0,,
1465,4.0,3.0,,
1466,4.0,3.0,Middle Democrat car none pull anyone happy.,
1467,3.0,5.0,,
1468,,,,
1469,3.0,4.0,Church beat mind study blood course.,
1470,4.0,3.0,Them charge drive.,
1471,5.0,4.0,Rule individual evening expert north cause.,
1472,3.0,5.0,Pressure pattern moment its member pay.,
1473,5.0,3.0,Travel American attack bar bring work could.,
1474,3.0,3.0,,
1475,4.0,4.0,Series military any employee no top crime wish.,
1476,3.0,4.0,,
1477,,,,
1478,,,,Late booking
1479,,,,Payment issue
1480,3.0,4.0,,
1481,5.0,4.0,,
1482,3.0,4.0,Action though help popular explain real.,
1483,3.0,4.0,,
1484,,,,Change of plans
1485,,,,
1486,4.0,5.0,,
1487,4.0,3.0,Traditional crime room indicate.,
1488,5.0,3.0,,
1489,3.0,3.0,,
1490,5.0,5.0,Score establish everybody kitchen rule itself get.,
1491,,,,Change of plans
1492,4.0,5.0,Financial from practice near born cultural study.,
1493,,,,
1494,5.0,5.0,,
1495,5.0,3.0,Seem game strong whose none certainly bad operation.,
1496,4.0,4.0,Hit none like trade phone.,
1497,4.0,5.0,Government on conference.,
1498,3.0,5.0,Page trade leg board base.,
1499,,,,Change of plans
1500,,,,
1501,4.0,4.0,,
1502,4.0,5.0,,
1503,,,,Change of plans
1504,,,,
1505,4.0,3.0,Born another million owner reduce police degree art.,
1506,3.0,5.0,,
1507,4.0,3.0,,
1508,,,,
1509,5.0,3.0,,
1510,,,,Late booking
1511,3.0,3.0,Treatment trip what exist goal rather now reach.,
1512,5.0,5.0,More research heavy age.,
1513,4.0,3.0,Shoulder choose quickly Democrat word.,
1514,,,,Payment issue
1515,5.0,5.0,,
1516,4.0,3.0,Deal husband form wish with answer.,
1517,3.0,5.0,,
1518,3.0,4.0,Organization theory magazine child professor much range.,
1519,,,,Payment issue
1520,3.0,5.0,Physical also morning weight growth.,
1521,3.0,4.0,Defense reduce force.,
1522,3.0,5.0,But within the all plan speak past fund.,
1523,3.0,4.0,,
1524,3.0,5.0,Small finally situation.,
1525,5.0,3.0,Purpose son recent.,
1526,5.0,3.0,,
1527,3.0,5.0,Billion turn share build.,
1528,3.0,5.0,Loss phone notice.,
1529,5.0,3.0,Building cup under thing involve.,
1530,,,,
1531,3.0,3.0,Fly interview always large sister mission current.,
1532,5.0,3.0,,
1533,,,,Change of plans
1534,,,,No driver
1535,,,,No driver
1536,4.0,4.0,Couple allow do receive local worker.,
1537,5.0,5.0,,
1538,,,,Late booking
1539,4.0,4.0,,
1540,5.0,3.0,It American market.,
1541,4.0,4.0,,
1542,4.0,4.0,Fear result anything identify get sometimes soldier.,
1543,,,,
1544,3.0,4.0,Oil sense onto system.,
1545,,,,
1546,,,,
1547,4.0,4.0,,
1548,5.0,3.0,Property dinner management knowledge single anything try.,
1549,,,,
1550,4.0,3.0,,
1551,5.0,5.0,Kitchen throughout particular before which Congress.,
1552,4.0,3.0,Character product purpose military lot likely weight.,
1553,3.0,3.0,,
1554,,,,
1555,5.0,3.0,Eat despite establish claim outside adult manage.,
1556,,,,Payment issue
1557,4.0,3.0,Against Democrat beat radio next human center.,
1558,5.0,4.0,Apply serious business oil who.,
1559,4.0,3.0,Across research join role.,
1560,3.0,4.0,Culture once structure morning wish fall hot.,
1561,,,,No driver
1562,4.0,5.0,Hair moment late within point not well indicate.,
1563,3.0,5.0,,
1564,3.0,3.0,Clear may none again.,
1565,4.0,5.0,Window town this quite hotel throughout collection.,
1566,5.0,3.0,Left color its work.,
1567,5.0,3.0,Practice senior focus remember evening have see.,
1568,5.0,5.0,,
1569,,,,No driver
1570,,,,No driver
1571,,,,Change of plans
1572,3.0,3.0,,
1573,5.0,5.0,Huge green impact money edge mission democratic.,
1574,,,,Payment issue
1575,4.0,3.0,Trial material during significant have finish world win.,
1576,5.0,5.0,,
1577,3.0,3.0,Establish rather tell movement tonight land parent movie.,
1578,4.0,4.0,,
1579,5.0,3.0,,
1580,5.0,4.0,Quickly put respond better wrong break imagine minute.,
1581,,,,Payment issue
1582,5.0,5.0,Lay difficult class job capital hope.,
1583,5.0,3.0,Effort girl green.,
1584,,,,
1585,5.0,5.0,,
1586,3.0,4.0,Two artist also seek.,
1587,5.0,4.0,Get approach develop fire whether.,
1588,,,,No driver
1589,4.0,5.0,Citizen past manager.,
1590,3.0,4.0,Culture there move case town.,
1591,5.0,3.0,Say firm image arm.,
1592,5.0,4.0,,
1593,3.0,5.0,,
1594,4.0,4.0,Feeling machine really mean star plan.,
1595,5.0,3.0,Put design use recently store establish present down.,
1596,4.0,5.0,Just happen country gas early goal.,
1597,5.0,5.0,Stay production college become can serve Congress.,
1598,5.0,4.0,,
1599,4.0,4.0,,
1600,,,,
1601,3.0,4.0,,
1602,3.0,4.0,,
1603,4.0,3.0,Program shake I leave rise network consumer.,
1604,3.0,3.0,Born surface maintain create federal usually.,
1605,,,,Payment issue
1606,,,,No driver
1607,,,,
1608,,,,No driver
1609,,,,Late booking
1610,3.0,3.0,Item field compare perhaps training head force.,
1611,4.0,3.0,Ask short one bed feel interesting program two.,
1612,3.0,4.0,Firm picture no garden every level accept.,
1613,3.0,4.0,Skin describe traditional charge.,
1614,4.0,3.0,Ability tax these their fear player.,
1615,3.0,5.0,Happy fast town behind attorney.,
1616,5.0,5.0,Great town assume per like.,
1617,5.0,4.0,,
1618,,,,
1619,3.0,3.0,Table and crime its consumer effort third.,
1620,4.0,5.0,,
1621,5.0,4.0,Hospital hotel country history.,
1622,5.0,5.0,Break open red present science ability.,
1623,,,,No driver
1624,3.0,4.0,,
1625,5.0,5.0,,
1626,5.0,3.0,,
1627,,,,No driver
1628,,,,Change of plans
1629,5.0,5.0,Clear marriage method.,
1630,,,,Change of plans
1631,4.0,4.0,,
1632,4.0,5.0,,
1633,,,,Payment issue
1634,5.0,4.0,,
1635,,,,Payment issue
1636,5.0,3.0,,
1637,,,,Payment issue
1638,3.0,5.0,Seat government way forward Mr.,
1639,,,,Payment issue
1640,5.0,3.0,,
1641,4.0,4.0,Public avoid pressure allow.,
1642,4.0,4.0,List mean Mr where compare hope same.,
1643,3.0,3.0,Maintain leg from.,
1644,4.0,5.0,Fly cultural later area medical up call.,
1645,,,,
1646,4.0,4.0,Pretty drive likely official.,
1647,4.0,3.0,Left audience institution from put seem.,
1648,,,,
1649,4.0,5.0,,
1650,5.0,4.0,View continue paper hand energy away.,
1651,,,,Payment issue
1652,4.0,3.0,Amount real thing may.,
1653,4.0,4.0,Majority career morning.,
1654,3.0,3.0,Last sport accept.,
1655,,,,Late booking
1656,,,,No driver
1657,4.0,3.0,Plant child give body sort prepare instead.,
1658,5.0,4.0,Job thousand positive partner.,
1659,4.0,3.0,,
1660,5.0,4.0,,
1661,4.0,3.0,Employee direction federal human bag before.,
1662,4.0,5.0,Provide cup writer participant.,
1663,5.0,5.0,Responsibility movie dream pass.,
1664,3.0,5.0,,
1665,4.0,4.0,Surface western TV whose oil public charge.,
1666,,,,Payment issue
1667,3.0,3.0,Difference guess language which.,
1668,,,,
1669,5.0,5.0,,
1670,5.0,3.0,Better factor few star.,
1671,,,,
1672,3.0,3.0,Officer north over rich daughter business.,
1673,,,,Late booking
1674,3.0,4.0,Machine employee real.,
1675,5.0,5.0,Tell drug like exactly themselves serious cover once.,
1676,,,,
1677,3.0,5.0,Main once responsibility Republican development establish morning.,
1678,3.0,4.0,Management bar put man direction.,
1679,,,,
1680,,,,Change of plans
1681,3.0,5.0,Dream main remember data bag.,
1682,3.0,4.0,Job near hundred approach and news outside.,
1683,,,,No driver
1684,3.0,5.0,Middle research strategy cold Republican.,
1685,,,,Payment issue
1686,4.0,4.0,Think somebody rise determine religious central actually.,
1687,4.0,4.0,Position make official.,
1688,5.0,5.0,Write leader down sea front letter.,
1689,,,,No driver
1690,3.0,3.0,Difference instead seek simple floor wind discuss type.,
1691,4.0,5.0,Because personal over manage human take where.,
1692,,,,
1693,5.0,4.0,Which apply follow people.,
1694,,,,Change of plans
1695,3.0,5.0,Task easy thought air performance evidence make goal.,
1696,3.0,3.0,Artist choice me present.,
1697,4.0,5.0,Alone argue alone center all.,
1698,4.0,3.0,Leader effect management compare include many along.,
1699,3.0,3.0,Operation change possible.,
1700,5.0,5.0,,
1701,5.0,3.0,,
1702,4.0,3.0,Up spring building result look.,
1703,4.0,4.0,Know design rate yard difficult.,
1704,4.0,5.0,,
1705,,,,Change of plans
1706,4.0,3.0,Stand ground camera speak three.,
1707,,,,Change of plans
1708,4.0,4.0,,
1709,,,,Payment issue
1710,4.0,4.0,,
1711,5.0,4.0,,
1712,3.0,5.0,She take room analysis.,
1713,4.0,3.0,Practice raise speak quality attack add.,
1714,5.0,5.0,Young born out red force side example.,
1715,4.0,4.0,Five add staff.,
1716,5.0,5.0,Recently race sort back.,
1717,,,,Payment issue
1718,,,,Payment issue
1719,,,,Change of plans
1720,3.0,5.0,Answer teacher speech success home section.,
1721,,,,No driver
1722,5.0,3.0,,
1723,,,,Late booking
1724,,,,
1725,,,,
1726,4.0,4.0,Fact follow still discussion relate summer.,
1727,5.0,3.0,Necessary last chance amount.,
1728,3.0,4.0,Town food free respond test official.,
1729,,,,Late booking
1730,,,,
1731,,,,Late booking
1732,3.0,3.0,National agreement difference great truth.,
1733,3.0,3.0,Action discover though than throw couple.,
1734,3.0,4.0,Visit in dog pass medical.,
1735,3.0,5.0,Time three miss site listen term.,
1736,5.0,4.0,Firm forget human left take.,
1737,4.0,5.0,Can subject week rule.,
1738,4.0,3.0,,
1739,4.0,5.0,,
1740,3.0,3.0,,
1741,3.0,3.0,,
1742,4.0,3.0,Page certainly doctor.,
1743,4.0,4.0,Common though travel while street special.,
1744,4.0,5.0,Turn city former sister at south.,
1745,,,,No driver
1746,4.0,5.0,Town close majority number investment lawyer.,
1747,,,,Late booking
1748,4.0,5.0,Present several couple see huge establish.,
1749,,,,No driver
1750,5.0,3.0,Area next their account successful good next.,
1751,4.0,5.0,Particularly small front message sing.,
1752,3.0,4.0,Brother interest price probably mother.,
1753,5.0,4.0,,
1754,3.0,4.0,Light drug weight.,
1755,3.0,5.0,Us thank choose argue but free myself.,
1756,5.0,5.0,Own hand above feeling eat agree anything fire.,
1757,5.0,4.0,,
1758,3.0,4.0,Explain hope tough.,
1759,4.0,5.0,Himself table laugh together involve beautiful bed.,
1760,,,,Change of plans
1761,3.0,5.0,Chance property father commercial.,
1762,4.0,5.0,,
1763,5.0,4.0,Student organization quality research rise series chance.,
1764,,,,
1765,3.0,3.0,Two theory task follow arm consider.,
1766,4.0,5.0,Goal author play only fire maybe door.,
1767,3.0,3.0,Until then art can several your.,
1768,4.0,3.0,Building form agent accept goal.,
1769,4.0,4.0,,
1770,5.0,3.0,Day politics very world song treatment dog.,
1771,,,,
1772,3.0,4.0,Against everybody nor student anything.,
1773,3.0,3.0,Air near that crime tough.,
1774,4.0,4.0,Wife unit stop indeed together eight seek.,
1775,3.0,4.0,Provide expect adult bank.,
1776,5.0,3.0,Talk indeed professor hotel.,
1777,5.0,3.0,Ten third training sometimes must road thought.,
1778,,,,Change of plans
1779,4.0,5.0,,
1780,,,,Change of plans
1781,3.0,3.0,Compare record mean let.,
1782,4.0,5.0,,
1783,4.0,3.0,Number sing traditional since.,
1784,5.0,4.0,Whom range knowledge financial practice.,
1785,,,,No driver
1786,5.0,4.0,,
1787,,,,
1788,5.0,4.0,Agent plant fear part red beat minute.,
1789,,,,Payment issue
1790,4.0,5.0,,
1791,,,,Late booking
1792,3.0,4.0,Generation number nice admit effect part watch.,
1793,3.0,3.0,Point behavior building talk partner now realize.,
1794,5.0,5.0,,
1795,,,,Change of plans
1796,3.0,4.0,Serve form involve law exactly.,
1797,4.0,3.0,Than sell race million record.,
1798,,,,Change of plans
1799,,,,Change of plans
1800,3.0,3.0,,
1801,3.0,5.0,Family true resource here.,
1802,4.0,3.0,Many front much mean decade accept.,
1803,,,,No driver
1804,3.0,5.0,Get event chance design organization fear could.,
1805,4.0,3.0,Let there shake care theory dark.,
1806,5.0,5.0,Usually author quite deal film but can field.,
1807,5.0,4.0,,
1808,,,,Payment issue
1809,3.0,3.0,Store short grow administration six radio note.,
1810,,,,Late booking
1811,,,,Payment issue
1812,3.0,4.0,Benefit rest door American accept.,
1813,3.0,3.0,,
1814,,,,Change of plans
1815,3.0,3.0,Region bill subject outside play me.,
1816,5.0,4.0,Leader only thing majority development provide turn.,
1817,4.0,5.0,Rather since choice herself shake another together.,
1818,5.0,4.0,,
1819,5.0,5.0,,
1820,3.0,5.0,Final agree wear identify.,
1821,5.0,3.0,Son million deal believe ground knowledge both.,
1822,3.0,4.0,,
1823,4.0,4.0,Vote because main enough between several.,
1824,4.0,3.0,Ten talk phone hit want particularly former.,
1825,,,,
1826,5.0,5.0,,
1827,,,,Late booking
1828,3.0,4.0,Treatment subject anyone hit tonight.,
1829,5.0,4.0,Interesting low study past.,
1830,5.0,4.0,,
1831,4.0,3.0,Water college civil we.,
1832,4.0,5.0,,
1833,3.0,5.0,Trouble skill visit despite vote particularly.,
1834,,,,Late booking
1835,5.0,4.0,Charge nothing night partner sound property western.,
1836,,,,
1837,3.0,4.0,Area paper area fly require.,
1838,3.0,4.0,Authority action after relate wide whether.,
1839,3.0,3.0,Tv well everything so.,
1840,,,,No driver
1841,3.0,3.0,Back where space believe table reality economy.,
1842,4.0,4.0,,
1843,3.0,5.0,Likely fund wind fill.,
1844,,,,Late booking
1845,4.0,4.0,Feel drive visit camera.,
1846,5.0,4.0,,
1847,,,,
1848,4.0,5.0,Culture join movement say speech peace concern level.,
1849,4.0,3.0,,
1850,4.0,5.0,Individual million best candidate everything economy teacher analysis.,
1851,,,,Change of plans
1852,4.0,3.0,,
1853,,,,Change of plans
1854,3.0,4.0,Act hundred need resource.,
1855,,,,
1856,,,,Payment issue
1857,4.0,5.0,Entire moment so bar.,
1858,,,,Late booking
1859,,,,Change of plans
1860,,,,Change of plans
1861,5.0,4.0,,
1862,3.0,4.0,Tree sell quite reduce resource sing.,
1863,3.0,4.0,Sign west prevent explain myself often control.,
1864,,,,
1865,4.0,4.0,Project price experience current loss.,
1866,4.0,3.0,,
1867,4.0,5.0,,
1868,5.0,3.0,Fish employee glass owner leave.,
1869,,,,Change of plans
1870,3.0,3.0,Nor many trade program relationship finish production material.,
1871,5.0,3.0,,
1872,,,,No driver
1873,5.0,4.0,Wish Mrs couple new item.,
1874,3.0,4.0,Method suffer knowledge game growth yet develop.,
1875,4.0,4.0,Look figure animal example technology after.,
1876,,,,Change of plans
1877,4.0,3.0,Keep protect network good could member.,
1878,,,,Payment issue
1879,3.0,5.0,,
1880,4.0,4.0,,
1881,3.0,4.0,All remain he administration amount.,
1882,,,,Change of plans
1883,3.0,3.0,,
1884,5.0,4.0,,
1885,,,,Change of plans
1886,,,,Payment issue
1887,5.0,3.0,Professional you yet than after.,
1888,4.0,4.0,Group past unit idea choice just.,
1889,3.0,4.0,,
1890,,,,Payment issue
1891,,,,
1892,4.0,4.0,,
1893,4.0,4.0,,
1894,5.0,5.0,Out explain wide role anything rise condition author.,
1895,5.0,4.0,,
1896,,,,
1897,4.0,4.0,Good project how seat manager career attorney.,
1898,,,,Late booking
1899,3.0,5.0,,
1900,4.0,4.0,Research cold their human energy play catch pass.,
1901,,,,Late booking
1902,3.0,3.0,,
1903,4.0,4.0,Western single any.,
1904,,,,
1905,4.0,3.0,,
1906,,,,Late booking
1907,,,,Late booking
1908,4.0,4.0,House take voice thus plant.,
1909,3.0,3.0,Sometimes agency less behind game loss.,
1910,4.0,3.0,Discover miss age far.,
1911,,,,No driver
1912,4.0,5.0,Anything born speech think sport staff exactly east.,
1913,5.0,4.0,,
1914,4.0,3.0,Friend just get wish world stage.,
1915,,,,
1916,4.0,5.0,,
1917,4.0,3.0,Health bring plan among.,
1918,5.0,4.0,Resource perhaps TV instead.,
1919,3.0,4.0,,
1920,,,,
1921,4.0,4.0,Open room open experience.,
1922,4.0,4.0,,
1923,3.0,5.0,Though house peace.,
1924,,,,Late booking
1925,4.0,4.0,Effort dream fight method.,
1926,,,,
1927,,,,
1928,3.0,3.0,Speech must three girl.,
1929,5.0,4.0,Test final campaign economy while trade.,
1930,,,,
1931,,,,
1932,,,,
1933,3.0,4.0,Nearly thank skin event control budget finish.,
1934,,,,
1935,3.0,5.0,,
1936,3.0,3.0,,
1937,3.0,3.0,,
1938,5.0,4.0,Member those join lead.,
1939,3.0,4.0,Significant talk threat how.,
1940,3.0,5.0,Me be wall light.,
1941,,,,No driver
1942,5.0,3.0,Five realize people citizen world type reach main.,
1943,,,,
1944,,,,No driver
1945,5.0,4.0,,
1946,3.0,3.0,Front continue serious center any nature wear.,
1947,,,,Late booking
1948,4.0,3.0,Case positive receive establish establish politics.,
1949,3.0,4.0,Election hand oil reach.,
1950,,,,Late booking
1951,3.0,3.0,Miss some truth kind admit still could.,
1952,4.0,4.0,Machine turn late whether.,
1953,5.0,3.0,,
1954,4.0,3.0,Significant anyone road anything.,
1955,4.0,3.0,Push loss everybody activity series hundred.,
1956,,,,Payment issue
1957,3.0,3.0,Southern task close today create prepare.,
1958,4.0,4.0,Character market cover surface drive.,
1959,,,,Change of plans
1960,4.0,3.0,,
1961,4.0,3.0,,
1962,4.0,3.0,Play church area maybe should.,
1963,4.0,5.0,Prevent establish wonder cause.,
1964,5.0,5.0,,
1965,4.0,4.0,Project card everything soldier movement artist show behind.,
1966,,,,
1967,4.0,4.0,Though issue plan thank concern.,
1968,3.0,4.0,Leg public customer radio start drive plant.,
1969,5.0,5.0,,
1970,3.0,4.0,Writer what majority blood now.,
1971,4.0,5.0,Let no thus before.,
1972,,,,
1973,4.0,5.0,Difficult through fear religious someone.,
1974,3.0,3.0,Worker much red agency fund themselves.,
1975,,,,Late booking
1976,,,,Late booking
1977,3.0,3.0,As act despite usually single.,
1978,4.0,5.0,Water many executive image stand.,
1979,,,,
1980,4.0,5.0,Ground nice level thought.,
1981,,,,Payment issue
1982,5.0,3.0,Research according body mission guy dream town inside.,
1983,,,,
1984,4.0,3.0,Manage this program activity both opportunity road.,
1985,4.0,5.0,,
1986,3.0,4.0,Feeling check Democrat ago car.,
1987,3.0,4.0,Animal remember race.,
1988,3.0,3.0,,
1989,4.0,3.0,Scene thus treat protect north.,
1990,3.0,5.0,Million baby catch social senior do.,
1991,,,,Payment issue
1992,4.0,4.0,,
1993,3.0,5.0,,
1994,5.0,5.0,Physical majority since yet seven other common name.,
1995,4.0,3.0,Ground you various foot never.,
1996,3.0,5.0,Her himself form list bag there few.,
1997,3.0,5.0,,
1998,4.0,5.0,Old tell fast best.,
1999,,,,
2000,,,,Late booking
2001,,,,No driver
2002,3.0,5.0,,
2003,,,,
2004,5.0,5.0,,
2005,5.0,5.0,Civil among five through sort star care.,
2006,3.0,5.0,Line glass college hot.,
2007,3.0,3.0,Want Congress mean describe start stay.,
2008,4.0,5.0,Culture question cultural maybe type.,
2009,5.0,5.0,Knowledge for sometimes.,
2010,3.0,3.0,Type behavior line determine company.,
2011,3.0,4.0,Station friend production water paper economy current since.,
2012,5.0,4.0,Right serious debate remain unit act.,
2013,4.0,5.0,Entire agent sing my like official exist field.,
2014,,,,Change of plans
2015,3.0,4.0,Congress hear expert about trial campaign husband.,
2016,4.0,3.0,,
2017,5.0,5.0,,
2018,,,,
2019,3.0,5.0,Else hold executive create.,
2020,3.0,4.0,Style manage recent throw find many.,
2021,4.0,4.0,,
2022,4.0,4.0,These himself actually others.,
2023,,,,Change of plans
2024,4.0,4.0,,
2025,,,,
2026,,,,Payment issue
2027,3.0,3.0,Exactly tree last indicate our see.,
2028,,,,No driver
2029,,,,No driver
2030,5.0,5.0,,
2031,5.0,3.0,On prepare until class public.,
2032,,,,
2033,,,,
2034,3.0,5.0,Road adult role war service perform during.,
2035,,,,Late booking
2036,5.0,4.0,Region year future could sure old business security.,
2037,4.0,5.0,Whose national catch right.,
2038,,,,
2039,,,,
2040,5.0,3.0,Beyond management resource company find positive exist walk.,
2041,4.0,4.0,,
2042,3.0,5.0,,
2043,3.0,5.0,Organization television author yard American.,
2044,,,,
2045,4.0,5.0,,
2046,,,,Late booking
2047,5.0,4.0,,
2048,,,,No driver
2049,4.0,5.0,,
2050,,,,
2051,,,,No driver
2052,4.0,4.0,From question guy know.,
2053,3.0,5.0,,
2054,4.0,5.0,,
2055,,,,
2056,5.0,5.0,North summer base outside project fall.,
2057,3.0,5.0,Fine or hotel color least.,
2058,4.0,5.0,,
2059,4.0,4.0,Life put tell building benefit serve perhaps.,
2060,,,,Change of plans
2061,3.0,3.0,,
2062,3.0,4.0,Their understand join blood activity.,
2063,5.0,5.0,,
2064,3.0,5.0,Property from away same voice.,
2065,5.0,4.0,Learn myself kid civil wish our half.,
2066,5.0,3.0,Successful father later Mrs onto new.,
2067,3.0,3.0,Save mission base phone pretty state.,
2068,4.0,3.0,Star require quite sport people friend.,
2069,3.0,5.0,Toward north place perform.,
2070,3.0,3.0,Read word know read whatever goal two memory.,
2071,3.0,5.0,Little turn occur dinner around a.,
2072,4.0,3.0,Ago deep how talk continue order condition.,
2073,4.0,4.0,Mean operation do relationship nothing know store a.,
2074,,,,Change of plans
2075,,,,Change of plans
2076,4.0,3.0,Present state power spring statement against.,
2077,,,,Payment issue
2078,5.0,3.0,Between meeting pick surface lawyer surface suggest chair.,
2079,3.0,5.0,Wife right need story minute.,
2080,,,,No driver
2081,5.0,3.0,A social here call if.,
2082,5.0,5.0,,
2083,4.0,4.0,,
2084,5.0,3.0,,
2085,5.0,5.0,However church state green.,
2086,4.0,4.0,Begin firm onto run she special family.,
2087,3.0,4.0,,
2088,,,,No driver
2089,4.0,4.0,,
2090,,,,Late booking
2091,3.0,4.0,Clearly smile than sell see response Mrs.,
2092,4.0,3.0,Company institution hard support special beyond.,
2093,,,,
2094,5.0,5.0,,
2095,4.0,4.0,,
2096,5.0,3.0,,
2097,5.0,3.0,Bag performance fear have partner growth from.,
2098,,,,
2099,5.0,3.0,Role on onto finish.,
2100,4.0,3.0,Data total record western hit.,
2101,,,,
2102,3.0,5.0,,
2103,5.0,3.0,Field grow speech stand former positive view.,
2104,,,,Payment issue
2105,4.0,4.0,,
2106,5.0,3.0,,
2107,,,,Payment issue
2108,3.0,3.0,Discover increase line economy.,
2109,3.0,5.0,Dinner eye seem list claim.,
2110,5.0,3.0,Its billion over apply.,
2111,,,,Payment issue
2112,3.0,5.0,Second become blood worry political day future.,
2113,4.0,3.0,,
2114,4.0,5.0,Around cost special event challenge.,
2115,3.0,5.0,,
2116,3.0,3.0,Could believe power life.,
2117,5.0,3.0,,
2118,4.0,3.0,Remember within surface.,
2119,,,,
2120,,,,
2121,3.0,4.0,,
2122,,,,Change of plans
2123,4.0,5.0,Person strong practice while establish national push.,
2124,4.0,3.0,Late side crime yeah meeting program east.,
2125,4.0,4.0,Today serve middle beyond teacher along evidence.,
2126,,,,Payment issue
2127,4.0,5.0,Public note direction several voice argue over.,
2128,5.0,4.0,,
2129,,,,Change of plans
2130,3.0,3.0,Simply strong party attention.,
2131,,,,Late booking
2132,4.0,5.0,,
2133,5.0,4.0,,
2134,3.0,4.0,Suddenly either attorney approach official.,
2135,5.0,3.0,Season end but decision ability they five.,
2136,3.0,5.0,Travel return resource discover.,
2137,5.0,4.0,Pass half animal clear.,
2138,3.0,4.0,Upon together air leave yard but.,
2139,,,,
2140,4.0,4.0,Stock truth our need together policy.,
2141,3.0,4.0,Occur across fear thank public assume at.,
2142,3.0,3.0,Subject around interesting despite.,
2143,3.0,3.0,Nor store remain TV board somebody.,
2144,5.0,3.0,Strong site page three family put build.,
2145,,,,Late booking
2146,4.0,5.0,,
2147,5.0,5.0,Movement improve those little.,
2148,4.0,3.0,Subject radio song product bit.,
2149,5.0,3.0,Win wonder else ball.,
2150,,,,Late booking
2151,4.0,3.0,,
2152,,,,
2153,4.0,3.0,Try chance among carry meeting.,
2154,4.0,5.0,No sister among indeed.,
2155,,,,
2156,,,,Change of plans
2157,,,,
2158,3.0,3.0,,
2159,4.0,5.0,Organization much teach enough understand research idea.,
2160,5.0,4.0,Affect or hair likely choose page ever.,
2161,5.0,4.0,Student theory effort if woman feel time service.,
2162,4.0,3.0,Involve wide book table growth accept travel.,
2163,3.0,4.0,Shake air free floor.,
2164,,,,
2165,5.0,5.0,Could southern suddenly list admit.,
2166,3.0,5.0,Better boy community without eat career subject.,
2167,5.0,3.0,Without community give democratic man.,
2168,5.0,3.0,Fine which huge official investment.,
2169,3.0,3.0,Employee stop meet inside who country.,
2170,3.0,5.0,Go recent at long.,
2171,5.0,4.0,,
2172,4.0,5.0,,
2173,,,,Change of plans
2174,3.0,4.0,Cover me outside owner continue national lay.,
2175,3.0,4.0,Accept however deal purpose mind.,
2176,5.0,4.0,Economy professional employee lose entire.,
2177,3.0,3.0,,
2178,4.0,3.0,Near stay phone natural impact fight.,
2179,3.0,5.0,American finally few population simply strategy as.,
2180,3.0,5.0,,
2181,3.0,5.0,Player question about year peace theory pattern later.,
2182,3.0,3.0,,
2183,4.0,4.0,,
2184,,,,Payment issue
2185,3.0,4.0,Phone rate carry behavior view might lawyer.,
2186,,,,
2187,4.0,3.0,Democratic my necessary full just available yourself.,
2188,,,,No driver
2189,,,,Late booking
2190,5.0,5.0,,
2191,4.0,5.0,Road standard this best.,
2192,,,,Change of plans
2193,4.0,3.0,Effort professor little turn he present.,
2194,4.0,5.0,Body structure involve crime language.,
2195,5.0,3.0,Development road discuss start.,
2196,,,,Payment issue
2197,,,,Payment issue
2198,,,,Payment issue
2199,,,,
2200,5.0,4.0,Fish month white with language.,
2201,5.0,4.0,Fire and middle save wonder available hit.,
2202,5.0,3.0,Line fear will cell full public thing.,
2203,5.0,5.0,Authority machine idea million.,
2204,4.0,5.0,Everyone eat identify shake person dinner.,
2205,,,,Change of plans
2206,3.0,4.0,,
2207,5.0,5.0,Any us them imagine team.,
2208,5.0,4.0,Product pass leader form argue my.,
2209,4.0,5.0,And current say movement clear.,
2210,5.0,4.0,Next heart I end car pass.,
2211,5.0,4.0,Involve sign enjoy mind sell road send man.,
2212,4.0,5.0,Mouth forget hair.,
2213,,,,No driver
2214,5.0,3.0,Manager have model seven.,
2215,4.0,3.0,Feel example item so red their chair.,
2216,3.0,4.0,,
2217,4.0,5.0,Interest baby meeting air situation war certain money.,
2218,3.0,5.0,Than yeah candidate Democrat according board.,
2219,,,,No driver
2220,4.0,3.0,Interview probably discussion reflect certainly peace.,
2221,4.0,4.0,Debate attorney room watch court.,
2222,,,,
2223,3.0,3.0,Someone challenge though give similar if keep.,
2224,,,,Late booking
2225,,,,
2226,3.0,4.0,Heart myself north author stuff prepare thousand.,
2227,,,,
2228,5.0,4.0,,
2229,,,,
2230,4.0,5.0,Positive purpose officer leave soon clear.,
2231,3.0,4.0,,
2232,5.0,3.0,Cover within research picture generation.,
2233,4.0,4.0,Attention like own person particular mother lot.,
2234,,,,
2235,,,,Late booking
2236,,,,
2237,,,,No driver
2238,4.0,5.0,Although right now day.,
2239,3.0,3.0,Enjoy nearly fact garden threat.,
2240,5.0,5.0,,
2241,4.0,5.0,Although leg bring thus.,
2242,5.0,3.0,Able western hotel whatever price Republican respond.,
2243,,,,No driver
2244,3.0,3.0,Necessary middle everybody size.,
2245,3.0,4.0,Summer program us husband he society without.,
2246,,,,No driver
2247,,,,Late booking
2248,,,,
2249,,,,Late booking
2250,,,,Change of plans
2251,,,,Late booking
2252,,,,Payment issue
2253,,,,Change of plans
2254,4.0,3.0,,
2255,,,,Payment issue
2256,4.0,3.0,Mouth start beat next weight.,
2257,4.0,4.0,,
2258,5.0,5.0,None wrong toward speak be.,
2259,5.0,5.0,In church score throw college real.,
2260,,,,
2261,3.0,4.0,Whatever skin law collection kid author anyone.,
2262,3.0,4.0,,
2263,,,,Late booking
2264,4.0,4.0,,
2265,,,,Payment issue
2266,3.0,5.0,Value speech shoulder behind.,
2267,3.0,4.0,Final together last commercial quality.,
2268,3.0,5.0,,
2269,3.0,5.0,Power religious spring send voice join.,
2270,3.0,5.0,Business ask argue actually lay want manager.,
2271,3.0,3.0,,
2272,,,,Late booking
2273,3.0,5.0,Quickly piece speech technology Democrat identify.,
2274,,,,
2275,4.0,4.0,Month hotel dog several third.,
2276,4.0,5.0,Company rock arm do.,
2277,3.0,4.0,,
2278,,,,Late booking
2279,,,,No driver
2280,3.0,4.0,Focus nothing treat possible skin.,
2281,3.0,4.0,Floor official continue degree building cut.,
2282,,,,
2283,4.0,3.0,Generation crime short school.,
2284,4.0,3.0,Company good history middle he.,
2285,,,,Payment issue
2286,4.0,5.0,Almost sport a.,
2287,,,,
2288,3.0,5.0,Seem interest relate red than happen structure available.,
2289,5.0,3.0,,
2290,4.0,3.0,,
2291,3.0,5.0,Nation west course particularly.,
2292,,,,
2293,3.0,4.0,Off view full make campaign tax.,
2294,5.0,4.0,,
2295,4.0,3.0,There tree offer billion.,
2296,5.0,5.0,,
2297,4.0,4.0,,
2298,3.0,4.0,Million such who management maybe true letter.,
2299,,,,
2300,3.0,4.0,,
2301,5.0,3.0,,
2302,3.0,4.0,Nice statement action war.,
2303,5.0,5.0,Open part anyone debate nearly play let.,
2304,4.0,3.0,International glass yes dog ready task.,
2305,,,,Payment issue
2306,,,,Payment issue
2307,5.0,4.0,,
2308,4.0,5.0,,
2309,,,,
2310,,,,
2311,,,,No driver
2312,5.0,5.0,Structure democratic chance finish such.,
2313,3.0,3.0,,
2314,3.0,4.0,Step collection cold scientist.,
2315,3.0,3.0,Design consumer travel.,
2316,3.0,5.0,Ability go take lead as.,
2317,,,,
2318,4.0,4.0,Middle medical late culture yard.,
2319,5.0,5.0,Dinner call call ten start.,
2320,3.0,5.0,Buy realize say record certainly move yard.,
2321,5.0,4.0,Skill doctor according large increase safe past.,
2322,3.0,4.0,Hair test heart phone.,
2323,,,,Payment issue
2324,4.0,4.0,Account occur try cell practice particularly.,
2325,5.0,4.0,Probably say own country.,
2326,3.0,4.0,Thought pay might forward.,
2327,,,,No driver
2328,,,,No driver
2329,5.0,5.0,Last product floor save myself during.,
2330,,,,Late booking
2331,,,,
2332,,,,Change of plans
2333,,,,
2334,5.0,5.0,Treat total foreign spring great treat back design.,
2335,3.0,3.0,,
2336,5.0,4.0,Blood election take direction.,
2337,5.0,3.0,,
2338,,,,No driver
2339,,,,
2340,5.0,5.0,Expect such at actually each tend.,
2341,,,,No driver
2342,,,,
2343,,,,Change of plans
2344,,,,
2345,4.0,3.0,Fire foreign decide part.,
2346,,,,Change of plans
2347,4.0,4.0,Chair base test name someone win choice loss.,
2348,5.0,5.0,,
2349,4.0,5.0,Beautiful one middle operation.,
2350,4.0,3.0,,
2351,,,,No driver
2352,4.0,5.0,,
2353,5.0,4.0,,
2354,5.0,5.0,Enough agreement memory maintain total issue stop customer.,
2355,3.0,3.0,,
2356,,,,Payment issue
2357,4.0,5.0,Away game site statement group.,
2358,5.0,5.0,Serious college pull station with inside indeed.,
2359,5.0,3.0,Appear better over sport only us table.,
2360,4.0,5.0,Decision to local opportunity break this activity agent.,
2361,5.0,3.0,Part artist represent measure else drive card.,
2362,5.0,5.0,,
2363,4.0,4.0,,
2364,3.0,4.0,Concern service page million education.,
2365,3.0,4.0,,
2366,4.0,5.0,Step evening system hit identify color bank.,
2367,4.0,3.0,Process rise center nearly involve Mrs.,
2368,,,,Change of plans
2369,,,,
2370,,,,No driver
2371,4.0,5.0,,
2372,,,,
2373,,,,No driver
2374,3.0,4.0,Then play need east take world.,
2375,3.0,4.0,,
2376,5.0,5.0,,
2377,4.0,3.0,,
2378,3.0,4.0,Third fund media middle law.,
2379,3.0,4.0,Huge sport its you likely population social.,
2380,5.0,4.0,Task two receive different she early.,
2381,5.0,5.0,Local race tonight opportunity official.,
2382,5.0,4.0,Price through know evidence teach approach role something.,
2383,5.0,3.0,Government remember if.,
2384,,,,
2385,4.0,5.0,,
2386,3.0,3.0,School analysis buy drug.,
2387,5.0,4.0,,
2388,3.0,3.0,Response affect act protect the up.,
2389,,,,
2390,,,,
2391,4.0,5.0,,
2392,5.0,3.0,Laugh sort water event recent.,
2393,3.0,5.0,,
2394,,,,Payment issue
2395,4.0,5.0,Though ability similar already top free successful blue.,
2396,,,,
2397,5.0,4.0,,
2398,3.0,4.0,Whatever of thought different step learn model.,
2399,,,,Late booking
2400,,,,Payment issue
2401,5.0,3.0,Near drop have.,
2402,,,,
2403,4.0,4.0,,
2404,5.0,5.0,Continue best break red during.,
2405,3.0,4.0,Through listen into simply task information.,
2406,4.0,4.0,,
2407,5.0,3.0,,
2408,4.0,5.0,Center system she agency decade among ground act.,
2409,3.0,3.0,Over half science yourself lot speak six.,
2410,5.0,4.0,Play support she vote wind room his.,
2411,,,,Change of plans
2412,3.0,4.0,Safe individual chair necessary mean.,
2413,3.0,4.0,Risk represent move open.,
2414,3.0,3.0,Unit yes with positive tend marriage forget.,
2415,5.0,5.0,Cut parent old treat big.,
2416,,,,Late booking
2417,3.0,4.0,Participant soldier among eat.,
2418,5.0,5.0,Moment writer serious follow study citizen.,
2419,,,,No driver
2420,5.0,3.0,,
2421,4.0,4.0,Operation car knowledge.,
2422,3.0,3.0,Good perhaps style assume.,
2423,,,,Payment issue
2424,5.0,5.0,Moment wish control behavior probably drug theory send.,
2425,,,,Payment issue
2426,5.0,3.0,Foreign I nearly modern myself easy feeling already.,
2427,4.0,4.0,Yard and expert public again although land leader.,
2428,,,,Change of plans
2429,3.0,3.0,Son family apply decide.,
2430,5.0,3.0,,
2431,3.0,5.0,,
2432,3.0,4.0,Seek western evening personal eight special modern.,
2433,4.0,3.0,,
2434,5.0,3.0,,
2435,3.0,5.0,,
2436,3.0,3.0,,
2437,4.0,4.0,Without his manage enter work race away probably.,
2438,,,,Late booking
2439,,,,
2440,,,,Late booking
2441,,,,
2442,4.0,5.0,Check decision trip their watch.,
2443,4.0,3.0,Oil night amount beyond.,
2444,4.0,3.0,,
2445,,,,Late booking
2446,,,,
2447,3.0,5.0,,
2448,,,,Change of plans
2449,,,,Late booking
2450,4.0,4.0,Moment region environment thousand service example.,
2451,5.0,5.0,Senior Democrat at compare black.,
2452,4.0,5.0,Hear food scene amount cause.,
2453,5.0,5.0,Week third car blood late.,
2454,,,,No driver
2455,3.0,4.0,Run anyone experience reflect road local wall.,
2456,4.0,4.0,Role carry decade.,
2457,,,,Change of plans
2458,4.0,4.0,,
2459,4.0,4.0,,
2460,,,,Change of plans
2461,,,,Payment issue
2462,3.0,5.0,,
2463,3.0,5.0,,
2464,3.0,5.0,Check heart shoulder like western here art.,
2465,4.0,4.0,Pick baby enough.,
2466,3.0,4.0,,
2467,4.0,4.0,Next cold recognize his upon.,
2468,5.0,4.0,Million it everything win.,
2469,,,,Payment issue
2470,,,,Payment issue
2471,4.0,5.0,,
2472,4.0,5.0,Free interview administration throw her maintain.,
2473,5.0,3.0,,
2474,4.0,3.0,Hour bar outside science bad director dog.,
2475,4.0,4.0,Between campaign interview require bad.,
2476,3.0,3.0,Near ok effect measure.,
2477,3.0,3.0,Drug position improve popular use authority.,
2478,3.0,4.0,Top for remain move easy sing indeed truth.,
2479,3.0,3.0,Their him ability research.,
2480,,,,
2481,,,,Late booking
2482,3.0,3.0,Different seat this political gun budget success.,
2483,4.0,5.0,Step environmental performance care word home husband.,
2484,,,,No driver
2485,,,,No driver
2486,,,,Change of plans
2487,5.0,3.0,Local near process movement yard arrive bit.,
2488,5.0,5.0,,
2489,,,,Payment issue
2490,5.0,3.0,Agreement benefit avoid third window.,
2491,,,,
2492,,,,Payment issue
2493,5.0,4.0,,
2494,,,,
2495,3.0,3.0,Tree buy nature shake lawyer ahead power.,
2496,,,,No driver
2497,,,,Change of plans
2498,,,,Late booking
2499,5.0,4.0,First tell easy may but.,
2500,,,,
2501,,,,
2502,4.0,5.0,Cultural down pretty free new.,
2503,3.0,3.0,Here while beyond do figure stock issue.,
2504,,,,
2505,,,,Change of plans
2506,5.0,5.0,Often than old really despite.,
2507,,,,Late booking
2508,,,,No driver
2509,,,,
2510,,,,
2511,3.0,5.0,Alone within lead community girl reduce.,
2512,,,,Change of plans
2513,,,,
2514,,,,Change of plans
2515,,,,No driver
2516,,,,Late booking
2517,3.0,5.0,Piece rest although believe.,
2518,4.0,5.0,Decision seek art I similar listen keep whether.,
2519,3.0,4.0,Bag western real beat.,
2520,,,,Payment issue
2521,5.0,5.0,,
2522,3.0,3.0,Commercial you whom grow.,
2523,,,,Change of plans
2524,5.0,3.0,,
2525,5.0,3.0,Defense field pay break.,
2526,4.0,5.0,Cause section report generation fact.,
2527,3.0,5.0,Else value exactly.,
2528,4.0,4.0,,
2529,4.0,4.0,Research point wrong minute thousand ask.,
2530,,,,Change of plans
2531,3.0,4.0,Peace analysis treat throw.,
2532,5.0,5.0,Already different research drug.,
2533,,,,No driver
2534,5.0,5.0,Person social wife around.,
2535,,,,No driver
2536,5.0,5.0,,
2537,5.0,5.0,,
2538,,,,
2539,,,,No driver
2540,5.0,5.0,Next staff sound former painting.,
2541,,,,Change of plans
2542,,,,Payment issue
2543,,,,Payment issue
2544,3.0,4.0,Condition practice order forward both.,
2545,,,,Payment issue
2546,3.0,5.0,Firm their key safe level.,
2547,,,,Change of plans
2548,3.0,4.0,Determine sea wide.,
2549,,,,No driver
2550,4.0,4.0,Beautiful question he believe appear.,
2551,4.0,3.0,Live away our test PM before.,
2552,3.0,3.0,Source prepare power serious.,
2553,4.0,3.0,Stage various identify head continue work executive natural.,
2554,,,,Change of plans
2555,4.0,5.0,Skin big according.,
2556,3.0,5.0,,
2557,5.0,4.0,Decide a follow begin.,
2558,5.0,5.0,Life recognize send.,
2559,5.0,3.0,Perhaps party opportunity increase grow.,
2560,5.0,5.0,Conference case item write Mrs.,
2561,,,,No driver
2562,4.0,5.0,,
2563,5.0,4.0,Without available subject.,
2564,3.0,5.0,Perhaps might current return game method man.,
2565,4.0,5.0,Bad leave until.,
2566,5.0,5.0,,
2567,4.0,5.0,,
2568,3.0,5.0,Our throughout between.,
2569,5.0,5.0,When government suggest wind finish.,
2570,,,,Payment issue
2571,3.0,5.0,,
2572,,,,Change of plans
2573,5.0,4.0,,
2574,5.0,4.0,Land ask wear.,
2575,4.0,5.0,Tree current anyone.,
2576,4.0,3.0,,
2577,5.0,4.0,Direction kid hundred medical loss yes.,
2578,3.0,5.0,Model base month issue.,
2579,,,,
2580,,,,Change of plans
2581,,,,
2582,3.0,4.0,Education policy compare send.,
2583,,,,No driver
2584,4.0,3.0,Billion last store threat teach hope reduce.,
2585,,,,Change of plans
2586,,,,No driver
2587,5.0,3.0,After themselves entire decade current bill trouble pattern.,
2588,5.0,3.0,,
2589,5.0,4.0,Fact low environment activity benefit.,
2590,3.0,5.0,,
2591,,,,Late booking
2592,4.0,3.0,Ago either research TV figure.,
2593,,,,Change of plans
2594,4.0,3.0,Share next write the leader.,
2595,,,,
2596,,,,Change of plans
2597,3.0,5.0,Which capital product chair learn back.,
2598,4.0,4.0,This kind if decide it.,
2599,3.0,4.0,Drug subject tell other number enough.,
2600,4.0,5.0,Senior their yet blue star speak.,
2601,3.0,5.0,Watch state produce attention.,
2602,,,,Payment issue
2603,,,,Payment issue
2604,5.0,5.0,,
2605,3.0,5.0,Leg prove successful box top challenge.,
2606,4.0,3.0,,
2607,,,,
2608,3.0,4.0,Because half bad close.,
2609,3.0,5.0,Key base summer fast offer avoid middle rule.,
2610,5.0,3.0,Decision often red test woman sound crime.,
2611,4.0,3.0,,
2612,4.0,3.0,Decide be bill religious building.,
2613,4.0,4.0,Parent state join particular stay food.,
2614,,,,No driver
2615,,,,Late booking
2616,4.0,5.0,Away choose continue.,
2617,4.0,4.0,,
2618,5.0,3.0,Law actually level must lead wear list.,
2619,3.0,3.0,,
2620,3.0,3.0,Still sort ago generation.,
2621,5.0,3.0,Across explain my wrong build society.,
2622,,,,
2623,5.0,5.0,,
2624,4.0,3.0,,
2625,4.0,4.0,,
2626,3.0,3.0,Want list born approach single several.,
2627,4.0,4.0,Eight well first think catch attorney color.,
2628,4.0,5.0,Or best huge girl.,
2629,5.0,5.0,Require sense raise item down.,
2630,,,,Payment issue
2631,5.0,3.0,Follow remember thank kitchen their position.,
2632,3.0,4.0,,
2633,4.0,4.0,Much understand example argue industry main network hot.,
2634,4.0,4.0,,
2635,5.0,5.0,Soldier throughout specific rather.,
2636,5.0,4.0,Know pass over task benefit its.,
2637,3.0,5.0,Method least modern weight TV benefit.,
2638,5.0,5.0,Always seem trip.,
2639,5.0,3.0,Turn series decade alone thought cover trouble.,
2640,,,,No driver
2641,5.0,3.0,News imagine meeting address head month word.,
2642,5.0,4.0,Have likely week never.,
2643,4.0,4.0,Necessary toward nothing later southern.,
2644,,,,
2645,5.0,5.0,,
2646,3.0,3.0,,
2647,,,,No driver
2648,3.0,5.0,Day country military approach item yes.,
2649,4.0,5.0,Agreement later if eat company.,
2650,4.0,5.0,Ball push management wonder energy charge environment.,
2651,5.0,5.0,,
2652,3.0,4.0,Movement born that sometimes stay officer single how.,
2653,,,,Change of plans
2654,3.0,3.0,Would opportunity vote finish week look.,
2655,5.0,4.0,Mention side relate appear produce business picture.,
2656,,,,Payment issue
2657,,,,Late booking
2658,,,,
2659,4.0,3.0,Miss mind seem on.,
2660,4.0,5.0,Discussion analysis court start agreement summer fire particular.,
2661,,,,Change of plans
2662,3.0,3.0,,
2663,3.0,4.0,,
2664,5.0,4.0,Charge minute dinner any cost those happen.,
2665,3.0,5.0,,
2666,4.0,3.0,Reason citizen chair billion.,
2667,3.0,3.0,,
2668,,,,No driver
2669,4.0,3.0,Head suggest age use book worker view present.,
2670,4.0,3.0,Yes conference article public once.,
2671,,,,No driver
2672,3.0,4.0,,
2673,3.0,4.0,,
2674,5.0,5.0,Wide customer final along piece generation economic.,
2675,,,,Change of plans
2676,4.0,5.0,,
2677,5.0,3.0,,
2678,4.0,4.0,Others same fish senior.,
2679,,,,No driver
2680,5.0,5.0,Season ready pick claim record.,
2681,5.0,5.0,,
2682,4.0,5.0,Grow they left remember trial.,
2683,,,,Late booking
2684,3.0,5.0,Shoulder others smile sort.,
2685,,,,
2686,4.0,5.0,,
2687,,,,Late booking
2688,,,,Late booking
2689,5.0,4.0,Hotel usually age too change present approach.,
2690,,,,
2691,5.0,5.0,Guess whom somebody middle market leave.,
2692,5.0,4.0,,
2693,4.0,3.0,Yard stop type charge rock add.,
2694,4.0,3.0,,
2695,,,,
2696,,,,Change of plans
2697,5.0,4.0,Partner describe attorney stand.,
2698,,,,Change of plans
2699,3.0,5.0,Staff age bit friend brother.,
2700,5.0,3.0,,
2701,4.0,3.0,Against popular dinner rule tree happy use.,
2702,,,,No driver
2703,5.0,5.0,Bed discuss tree day.,
2704,3.0,4.0,,
2705,4.0,3.0,,
2706,4.0,4.0,,
2707,5.0,3.0,,
2708,3.0,5.0,Four reveal hold.,
2709,,,,Payment issue
2710,5.0,5.0,Dinner before manager this.,
2711,5.0,4.0,,
2712,,,,Payment issue
2713,5.0,4.0,Activity and green culture too determine.,
2714,,,,Payment issue
2715,3.0,4.0,I fear trip.,
2716,5.0,5.0,Get top around not.,
2717,,,,Payment issue
2718,3.0,5.0,Pressure loss yet week successful.,
2719,,,,No driver
2720,3.0,3.0,Goal voice natural foot put he.,
2721,5.0,4.0,Share power wonder member perform movie.,
2722,3.0,3.0,,
2723,,,,Change of plans
2724,,,,Late booking
2725,5.0,4.0,Deep no run thank.,
2726,4.0,4.0,Most ground assume throughout just.,
2727,,,,Change of plans
2728,3.0,3.0,True surface toward security street political.,
2729,3.0,3.0,Able per she one blood reality personal.,
2730,5.0,5.0,Size around appear short politics high.,
2731,5.0,4.0,Fine sit sure should strong see alone.,
2732,5.0,5.0,Out how subject wait director.,
2733,4.0,5.0,Get cold agree program prepare.,
2734,4.0,5.0,Cold type laugh weight until scene.,
2735,3.0,5.0,,
2736,5.0,3.0,,
2737,,,,
2738,,,,No driver
2739,5.0,5.0,Southern year state wife suffer.,
2740,,,,Late booking
2741,3.0,5.0,Possible how argue government.,
2742,4.0,3.0,Also ten add her.,
2743,4.0,3.0,Wonder go still various.,
2744,4.0,3.0,Design alone perhaps ok could space school.,
2745,4.0,5.0,Same recognize plant although full up bring.,
2746,,,,
2747,,,,
2748,4.0,3.0,Though break single create.,
2749,3.0,3.0,,
2750,4.0,3.0,,
2751,4.0,5.0,,
2752,3.0,4.0,And opportunity station model write herself recognize.,
2753,,,,
2754,5.0,3.0,Available least cultural support pressure.,
2755,,,,
2756,5.0,5.0,,
2757,5.0,3.0,Write easy enter edge record.,
2758,4.0,4.0,,
2759,3.0,5.0,,
2760,3.0,4.0,,
2761,4.0,5.0,Baby game total four difficult.,
2762,3.0,5.0,Air single Democrat condition.,
2763,4.0,5.0,Today add once give.,
2764,3.0,5.0,Food painting car act.,
2765,4.0,3.0,Key left measure anything price everything.,
2766,,,,Change of plans
2767,5.0,3.0,Far property rest gas must anything heavy.,
2768,5.0,4.0,Together court explain expert.,
2769,3.0,3.0,Impact next before blue from success catch.,
2770,,,,
2771,4.0,5.0,,
2772,5.0,3.0,Growth effect why laugh eat know.,
2773,,,,No driver
2774,3.0,4.0,Letter type far image establish my.,
2775,3.0,4.0,Let perform side hospital.,
2776,3.0,5.0,Into real participant skill drive talk can.,
2777,5.0,4.0,Major nearly likely build nation.,
2778,,,,Payment issue
2779,3.0,3.0,Establish suffer happy body.,
2780,,,,Payment issue
2781,5.0,3.0,,
2782,4.0,4.0,Soldier believe action direction if.,
2783,,,,Change of plans
2784,3.0,4.0,Voice test garden challenge.,
2785,,,,Payment issue
2786,3.0,3.0,College around lawyer citizen.,
2787,3.0,3.0,,
2788,3.0,4.0,That take note success.,
2789,3.0,4.0,Agency quite listen expert maintain.,
2790,,,,Payment issue
2791,3.0,4.0,,
2792,4.0,4.0,Instead room develop respond enough rock.,
2793,5.0,4.0,,
2794,,,,Payment issue
2795,,,,
2796,4.0,3.0,First through energy physical require.,
2797,4.0,5.0,A national notice.,
2798,,,,
2799,5.0,5.0,Participant consumer experience new standard civil exactly.,
2800,3.0,3.0,,
2801,,,,Payment issue
2802,5.0,5.0,Would region mean himself large.,
2803,5.0,4.0,Student marriage any.,
2804,3.0,4.0,Over low share.,
2805,5.0,3.0,Care level any yourself determine check article.,
2806,5.0,5.0,Of industry nearly marriage language.,
2807,3.0,5.0,Style hot hit full option.,
2808,,,,No driver
2809,3.0,5.0,As program keep whether.,
2810,4.0,4.0,Whole wrong that which heavy see.,
2811,5.0,5.0,,
2812,,,,Change of plans
2813,4.0,5.0,Four kitchen window piece TV about.,
2814,,,,
2815,4.0,4.0,Foot natural keep begin system.,
2816,4.0,5.0,Feel learn member stock.,
2817,,,,Late booking
2818,3.0,3.0,,
2819,,,,Payment issue
2820,,,,Payment issue
2821,,,,Late booking
2822,,,,Late booking
2823,4.0,4.0,Stuff work plant situation here compare open.,
2824,,,,Late booking
2825,5.0,3.0,Baby radio mean environmental certain mouth.,
2826,,,,Payment issue
2827,3.0,5.0,,
2828,5.0,5.0,Half threat participant avoid carry a.,
2829,3.0,5.0,,
2830,5.0,5.0,,
2831,,,,
2832,4.0,4.0,Smile including picture quite.,
2833,4.0,4.0,,
2834,,,,Payment issue
2835,5.0,4.0,Various ten tell trouble radio against between.,
2836,3.0,3.0,,
2837,,,,
2838,,,,Payment issue
2839,5.0,3.0,Fact kid even sign.,
2840,,,,Change of plans
2841,,,,Payment issue
2842,5.0,3.0,Consider box kind small raise test.,
2843,,,,No driver
2844,3.0,5.0,Senior near result thus about sell PM.,
2845,3.0,5.0,,
2846,3.0,5.0,Item back hear series cold beat expect almost.,
2847,5.0,4.0,Pull station far just according over.,
2848,3.0,5.0,Imagine force enter real lay central.,
2849,,,,Payment issue
2850,4.0,5.0,,
2851,,,,
2852,,,,
2853,,,,Late booking
2854,5.0,4.0,Risk community model bag.,
2855,4.0,3.0,Explain affect budget material almost.,
2856,4.0,3.0,,
2857,4.0,4.0,,
2858,4.0,3.0,Tough agency market care.,
2859,,,,
2860,5.0,3.0,,
2861,,,,Payment issue
2862,3.0,4.0,Later take recent until doctor.,
2863,,,,
2864,,,,
2865,,,,
2866,5.0,5.0,,
2867,,,,No driver
2868,4.0,3.0,,
2869,,,,Payment issue
2870,4.0,4.0,Despite cultural movie science meet main.,
2871,5.0,3.0,,
2872,3.0,3.0,,
2873,3.0,4.0,Race allow author decision explain yourself position.,
2874,,,,
2875,4.0,4.0,Nothing president early however.,
2876,,,,Late booking
2877,3.0,4.0,Arm wind bill peace.,
2878,4.0,5.0,Method article year.,
2879,,,,Change of plans
2880,4.0,5.0,,
2881,5.0,4.0,,
2882,3.0,5.0,Discuss health customer change.,
2883,3.0,4.0,American until feeling tell.,
2884,,,,
2885,4.0,5.0,Everybody season drug oil the wear.,
2886,,,,No driver
2887,,,,Payment issue
2888,5.0,5.0,,
2889,5.0,5.0,Dream soon tough shake.,
2890,,,,Late booking
2891,4.0,5.0,Yard this agreement season ask pay.,
2892,,,,Change of plans
2893,,,,
2894,3.0,5.0,Late scientist pressure smile common often all child.,
2895,,,,
2896,3.0,4.0,Prove get prevent read agree threat.,
2897,5.0,3.0,,
2898,4.0,3.0,Develop want building word area truth it.,
2899,,,,Change of plans
2900,3.0,4.0,Report customer property staff if.,
2901,3.0,4.0,Else popular certainly miss local improve.,
2902,3.0,3.0,Possible draw us.,
2903,4.0,4.0,Manage dinner view society.,
2904,,,,Change of plans
2905,4.0,5.0,Behind laugh foot example.,
2906,3.0,4.0,Society career too candidate.,
2907,4.0,3.0,Particular personal ahead after.,
2908,3.0,5.0,Clear development nothing media.,
2909,3.0,5.0,Method thousand common price career heavy purpose.,
2910,,,,Payment issue
2911,3.0,5.0,Bill choice admit.,
2912,4.0,5.0,Type something whether scientist senior open bad.,
2913,5.0,5.0,Institution show once Congress under service choice.,
2914,4.0,5.0,Health social too discussion yourself clearly.,
2915,3.0,4.0,Economic standard four natural.,
2916,,,,Change of plans
2917,3.0,4.0,Child Congress owner skin.,
2918,5.0,4.0,These at imagine perform court little.,
2919,5.0,3.0,Road always safe owner fast how.,
2920,3.0,3.0,Prepare meet give determine.,
2921,4.0,5.0,Color girl performance sort what resource seven.,
2922,5.0,5.0,Pattern lay born certain sure.,
2923,4.0,3.0,,
2924,,,,Change of plans
2925,,,,Payment issue
2926,,,,No driver
2927,3.0,3.0,Speech parent play choose cause.,
2928,,,,Change of plans
2929,,,,
2930,,,,
2931,3.0,5.0,Company through product environment.,
2932,5.0,3.0,Discover behind still sell.,
2933,5.0,3.0,Eye certainly think next sure western.,
2934,5.0,4.0,,
2935,5.0,4.0,Man develop black majority condition.,
2936,5.0,5.0,Run in every different billion.,
2937,4.0,4.0,Only almost history vote teach subject.,
2938,4.0,5.0,,
2939,5.0,3.0,Black young marriage child.,
2940,3.0,5.0,Place herself head receive husband fill look maintain.,
2941,5.0,3.0,,
2942,5.0,3.0,Practice network lawyer necessary network purpose environment.,
2943,3.0,4.0,Window be close leave campaign challenge.,
2944,4.0,3.0,Either call rise condition clear network operation.,
2945,,,,Late booking
2946,5.0,3.0,Parent will community wonder.,
2947,,,,Late booking
2948,5.0,4.0,Sign nation less specific professor economic fire.,
2949,5.0,5.0,,
2950,4.0,4.0,Change travel surface woman carry open life think.,
2951,,,,Change of plans
2952,,,,Payment issue
2953,5.0,4.0,Write note close big ball stand article.,
2954,4.0,5.0,Chair lawyer laugh although once executive.,
2955,,,,Late booking
2956,3.0,4.0,,
2957,3.0,4.0,,
2958,,,,Payment issue
2959,3.0,5.0,,
2960,5.0,4.0,Candidate beautiful take writer.,
2961,5.0,4.0,,
2962,,,,Late booking
2963,,,,Late booking
2964,5.0,5.0,,
2965,5.0,5.0,Foot imagine idea bed a artist.,
2966,,,,No driver
2967,3.0,5.0,,
2968,,,,Change of plans
2969,4.0,5.0,Discuss draw soldier act information theory run.,
2970,3.0,4.0,Church week determine significant.,
2971,,,,No driver
2972,5.0,4.0,Wish fear foreign argue near financial chance.,
2973,5.0,4.0,Kind property never particularly everybody act under.,
2974,3.0,3.0,Sound memory key test.,
2975,3.0,3.0,Else plant trial describe source set.,
2976,,,,
2977,4.0,4.0,Already push energy.,
2978,4.0,4.0,,
2979,,,,Payment issue
2980,3.0,3.0,,
2981,5.0,5.0,,
2982,4.0,3.0,,
2983,,,,No driver
2984,,,,Change of plans
2985,5.0,5.0,Mouth group within experience claim listen.,
2986,3.0,4.0,Husband us very wait.,
2987,,,,Change of plans
2988,,,,
2989,5.0,3.0,,
2990,,,,
2991,,,,No driver
2992,5.0,5.0,Mouth interview present fire.,
2993,5.0,5.0,Ready carry wrong energy.,
2994,,,,Payment issue
2995,,,,
2996,5.0,3.0,,
2997,4.0,4.0,Under back should serve that her computer.,
2998,5.0,5.0,Course push property water home second.,
2999,5.0,4.0,Growth bed probably use or particularly follow.,
3000,4.0,5.0,Already large vote entire.,
